scene,rtc_ticks,actor,from,to,hops,segment,phase,committed_turns,logical_actor,animation,path
animation-000,0,3,66,41,5,0,0,1,2,1,66:47:45:43:27:41
animation-003,3,3,66,41,5,0,1,1,2,1,66:47:45:43:27:41
animation-006,6,3,66,41,5,0,2,1,2,1,66:47:45:43:27:41
animation-009,9,3,66,41,5,0,3,1,2,1,66:47:45:43:27:41
animation-012,12,3,66,41,5,0,4,1,2,1,66:47:45:43:27:41
animation-015,15,3,66,41,5,1,0,1,2,1,66:47:45:43:27:41
animation-018,18,3,66,41,5,1,1,1,2,1,66:47:45:43:27:41
animation-021,21,3,66,41,5,1,2,1,2,1,66:47:45:43:27:41
animation-024,24,3,66,41,5,1,3,1,2,1,66:47:45:43:27:41
animation-027,27,3,66,41,5,1,4,1,2,1,66:47:45:43:27:41
animation-030,30,3,66,41,5,2,0,1,2,1,66:47:45:43:27:41
animation-033,33,3,66,41,5,2,1,1,2,1,66:47:45:43:27:41
animation-036,36,3,66,41,5,2,2,1,2,1,66:47:45:43:27:41
animation-039,39,3,66,41,5,2,3,1,2,1,66:47:45:43:27:41
animation-042,42,3,66,41,5,2,4,1,2,1,66:47:45:43:27:41
animation-045,45,3,66,41,5,3,0,1,2,1,66:47:45:43:27:41
animation-048,48,3,66,41,5,3,1,1,2,1,66:47:45:43:27:41
animation-051,51,3,66,41,5,3,2,1,2,1,66:47:45:43:27:41
animation-054,54,3,66,41,5,3,3,1,2,1,66:47:45:43:27:41
animation-057,57,3,66,41,5,3,4,1,2,1,66:47:45:43:27:41
animation-060,60,3,66,41,5,4,0,1,2,1,66:47:45:43:27:41
animation-063,63,3,66,41,5,4,1,1,2,1,66:47:45:43:27:41
animation-066,66,3,66,41,5,4,2,1,2,1,66:47:45:43:27:41
animation-069,69,3,66,41,5,4,3,1,2,1,66:47:45:43:27:41
animation-072,72,3,66,41,5,4,4,1,2,1,66:47:45:43:27:41
animation-075,75,3,66,41,5,5,0,1,2,0,66:47:45:43:27:41
