fixture,kind,players,player,level,ply,from,to,goal_before,goal_after,assignment_before,assignment_after,goal_exit,immediate_wins,missed_win,reversal,nodes,depth,host_seconds
0,synthetic_endgame,2,1,EASY,0,35,20,7,7,10,8,0,0,0,0,36,1,0.000060
0,synthetic_endgame,2,1,NORMAL,0,35,20,7,7,10,8,0,0,0,0,79,2,0.000176
0,synthetic_endgame,2,1,HARD,0,35,20,7,7,10,8,0,0,0,0,24000,5,0.049930
1,synthetic_endgame,2,1,EASY,0,53,44,7,7,15,14,0,0,0,0,44,1,0.000008
1,synthetic_endgame,2,1,NORMAL,0,5,0,7,7,15,13,0,0,0,0,79,2,0.000151
1,synthetic_endgame,2,1,HARD,0,36,29,7,7,15,14,0,0,0,0,24000,5,0.051379
2,synthetic_endgame,2,1,EASY,0,20,3,7,8,7,5,0,0,0,0,35,1,0.000010
2,synthetic_endgame,2,1,NORMAL,0,20,3,7,8,7,5,0,0,0,0,79,2,0.000122
2,synthetic_endgame,2,1,HARD,0,11,1,7,7,7,5,0,0,0,0,24000,5,0.041674
3,synthetic_endgame,2,1,EASY,0,27,10,7,8,11,9,0,0,0,0,43,1,0.000009
3,synthetic_endgame,2,1,NORMAL,0,27,10,7,8,11,9,0,0,0,0,86,2,0.000151
3,synthetic_endgame,2,1,HARD,0,27,10,7,8,11,9,0,0,0,0,24000,5,0.040603
4,synthetic_endgame,2,1,EASY,0,35,20,8,8,6,4,0,0,0,0,28,1,0.000006
4,synthetic_endgame,2,1,NORMAL,0,35,20,8,8,6,4,0,0,0,0,79,2,0.000147
4,synthetic_endgame,2,1,HARD,0,35,20,8,8,6,4,0,0,0,0,24000,5,0.055657
5,synthetic_endgame,2,1,EASY,0,53,44,8,8,11,10,0,0,0,0,31,1,0.000006
5,synthetic_endgame,2,1,NORMAL,0,3,0,8,8,11,9,0,0,0,0,79,2,0.000139
5,synthetic_endgame,2,1,HARD,0,34,27,8,8,11,10,0,0,0,0,24000,5,0.049362
6,synthetic_endgame,2,1,EASY,0,20,10,8,9,4,3,0,0,0,0,32,1,0.000007
6,synthetic_endgame,2,1,NORMAL,0,19,10,8,9,4,3,0,0,0,0,86,2,0.000135
6,synthetic_endgame,2,1,HARD,0,20,10,8,9,4,3,0,0,0,0,12285,5,0.017461
7,synthetic_endgame,2,1,EASY,0,27,10,8,9,4,2,0,0,0,0,35,1,0.000008
7,synthetic_endgame,2,1,NORMAL,0,27,10,8,9,4,2,0,0,0,0,86,2,0.000154
7,synthetic_endgame,2,1,HARD,0,27,10,8,9,4,2,0,0,0,0,747,3,0.000988
8,synthetic_endgame,2,1,EASY,0,35,28,9,9,4,3,0,0,0,0,25,1,0.000006
8,synthetic_endgame,2,1,NORMAL,0,35,28,9,9,4,3,0,0,0,0,79,2,0.000132
8,synthetic_endgame,2,1,HARD,0,10,12,9,9,4,3,0,0,0,0,24000,5,0.042601
9,synthetic_endgame,2,1,EASY,0,53,44,9,9,5,4,0,0,0,0,23,1,0.000004
9,synthetic_endgame,2,1,NORMAL,0,53,44,9,9,5,4,0,0,0,0,76,2,0.000130
9,synthetic_endgame,2,1,HARD,0,53,44,9,9,5,4,0,0,0,0,24000,5,0.054829
10,synthetic_endgame,2,1,EASY,0,19,10,9,10,1,0,0,1,0,0,0,1,0.000002
10,synthetic_endgame,2,1,NORMAL,0,19,10,9,10,1,0,0,1,0,0,0,1,0.000001
10,synthetic_endgame,2,1,HARD,0,19,10,9,10,1,0,0,1,0,0,0,1,0.000002
11,synthetic_endgame,2,1,EASY,0,27,10,9,10,2,0,0,1,0,0,0,1,0.000001
11,synthetic_endgame,2,1,NORMAL,0,27,10,9,10,2,0,0,1,0,0,0,1,0.000001
11,synthetic_endgame,2,1,HARD,0,27,10,9,10,2,0,0,1,0,0,0,1,0.000002
12,synthetic_endgame,2,3,EASY,0,51,60,7,8,11,10,0,0,0,0,35,1,0.000009
12,synthetic_endgame,2,3,NORMAL,0,51,60,7,8,11,10,0,0,0,0,79,2,0.000177
12,synthetic_endgame,2,3,HARD,0,51,60,7,8,11,10,0,0,0,0,24000,5,0.044592
13,synthetic_endgame,2,3,EASY,0,38,53,7,7,15,13,0,0,0,0,38,1,0.000009
13,synthetic_endgame,2,3,NORMAL,0,38,53,7,7,15,13,0,0,0,0,79,2,0.000148
13,synthetic_endgame,2,3,HARD,0,45,37,7,7,15,15,0,0,0,0,24000,5,0.052753
14,synthetic_endgame,2,3,EASY,0,42,40,7,8,11,9,0,0,0,0,36,1,0.000009
14,synthetic_endgame,2,3,NORMAL,0,42,40,7,8,11,9,0,0,0,0,79,2,0.000147
14,synthetic_endgame,2,3,HARD,0,42,40,7,8,11,9,0,0,0,0,24000,5,0.041103
15,synthetic_endgame,2,3,EASY,0,38,37,7,7,16,15,0,0,0,0,40,1,0.000009
15,synthetic_endgame,2,3,NORMAL,0,33,48,7,7,16,14,0,0,0,0,79,2,0.000154
15,synthetic_endgame,2,3,HARD,0,36,35,7,7,16,15,0,0,0,0,24000,5,0.051742
16,synthetic_endgame,2,3,EASY,0,51,60,8,9,8,7,0,0,0,0,32,1,0.000008
16,synthetic_endgame,2,3,NORMAL,0,51,60,8,9,8,7,0,0,0,0,79,2,0.000155
16,synthetic_endgame,2,3,HARD,0,51,60,8,9,8,7,0,0,0,0,24000,5,0.045483
17,synthetic_endgame,2,3,EASY,0,27,26,8,8,9,8,0,0,0,0,36,1,0.000008
17,synthetic_endgame,2,3,NORMAL,0,41,40,8,8,9,8,0,0,0,0,79,2,0.000145
17,synthetic_endgame,2,3,HARD,0,41,49,8,8,9,8,0,0,0,0,24000,5,0.039787
18,synthetic_endgame,2,3,EASY,0,30,29,8,8,9,8,0,0,0,0,27,1,0.000006
18,synthetic_endgame,2,3,NORMAL,0,30,29,8,8,9,8,0,0,0,0,79,2,0.000138
18,synthetic_endgame,2,3,HARD,0,52,51,8,8,9,8,0,0,0,0,24000,5,0.038418
19,synthetic_endgame,2,3,EASY,0,21,29,8,8,11,10,0,0,0,0,35,1,0.000007
19,synthetic_endgame,2,3,NORMAL,0,21,20,8,8,11,10,0,0,0,0,79,2,0.000158
19,synthetic_endgame,2,3,HARD,0,21,29,8,8,11,10,0,0,0,0,24000,5,0.041392
20,synthetic_endgame,2,3,EASY,0,37,36,9,9,4,3,0,0,0,0,23,1,0.000005
20,synthetic_endgame,2,3,NORMAL,0,37,36,9,9,4,3,0,0,0,0,76,2,0.000132
20,synthetic_endgame,2,3,HARD,0,37,36,9,9,4,3,0,0,0,0,24000,5,0.043354
21,synthetic_endgame,2,3,EASY,0,38,37,9,9,6,5,0,0,0,0,27,1,0.000005
21,synthetic_endgame,2,3,NORMAL,0,33,40,9,9,6,5,0,0,0,0,79,2,0.000128
21,synthetic_endgame,2,3,HARD,0,41,40,9,9,6,5,0,0,0,0,24000,5,0.032981
22,synthetic_endgame,2,3,EASY,0,52,51,9,9,4,3,0,0,0,0,26,1,0.000005
22,synthetic_endgame,2,3,NORMAL,0,41,40,9,9,4,3,0,0,0,0,79,2,0.000132
22,synthetic_endgame,2,3,HARD,0,52,51,9,9,4,3,0,0,0,0,10987,5,0.014942
23,synthetic_endgame,2,3,EASY,0,38,45,9,9,6,5,0,0,0,0,27,1,0.000006
23,synthetic_endgame,2,3,NORMAL,0,33,40,9,9,6,5,0,0,0,0,79,2,0.000145
23,synthetic_endgame,2,3,HARD,0,41,40,9,9,6,5,0,0,0,0,24000,5,0.032756
24,synthetic_endgame,3,1,EASY,0,28,11,7,8,10,8,0,0,0,0,28,1,0.000040
24,synthetic_endgame,3,1,NORMAL,0,1,0,7,7,10,9,0,0,0,0,1160,4,0.002644
24,synthetic_endgame,3,1,HARD,0,1,0,7,7,10,9,0,0,0,0,24000,8,0.082297
25,synthetic_endgame,3,1,EASY,0,53,44,7,7,15,14,0,0,0,0,38,1,0.000008
25,synthetic_endgame,3,1,NORMAL,0,36,29,7,7,15,14,0,0,0,0,1160,4,0.002873
25,synthetic_endgame,3,1,HARD,0,5,0,7,7,15,13,0,0,0,0,24000,8,0.089427
26,synthetic_endgame,3,1,EASY,0,20,10,7,8,7,6,0,0,0,0,24,1,0.000007
26,synthetic_endgame,3,1,NORMAL,0,19,10,7,8,7,6,0,0,0,0,1160,4,0.002212
26,synthetic_endgame,3,1,HARD,0,9,3,7,7,7,6,0,0,0,0,24000,8,0.072541
27,synthetic_endgame,3,1,EASY,0,27,10,7,8,11,9,0,0,0,0,29,1,0.000007
27,synthetic_endgame,3,1,NORMAL,0,27,10,7,8,11,9,0,0,0,0,1160,4,0.002301
27,synthetic_endgame,3,1,HARD,0,27,10,7,8,11,9,0,0,0,0,24000,8,0.075599
28,synthetic_endgame,3,1,EASY,0,28,11,8,9,6,4,0,0,0,0,20,1,0.000005
28,synthetic_endgame,3,1,NORMAL,0,28,11,8,9,6,4,0,0,0,0,1160,4,0.002136
28,synthetic_endgame,3,1,HARD,0,28,11,8,9,6,4,0,0,0,0,20260,9,0.065775
29,synthetic_endgame,3,1,EASY,0,53,44,8,8,11,10,0,0,0,0,22,1,0.000005
29,synthetic_endgame,3,1,NORMAL,0,3,0,8,8,11,9,0,0,0,0,1160,4,0.002331
29,synthetic_endgame,3,1,HARD,0,53,45,8,8,11,10,0,0,0,0,22286,9,0.072776
30,synthetic_endgame,3,1,EASY,0,19,10,8,9,4,3,0,0,0,0,23,1,0.000006
30,synthetic_endgame,3,1,NORMAL,0,9,1,8,8,4,2,0,0,0,0,1160,4,0.001970
30,synthetic_endgame,3,1,HARD,0,20,10,8,9,4,3,0,0,0,0,5553,7,0.013441
31,synthetic_endgame,3,1,EASY,0,27,10,8,9,4,2,0,0,0,0,21,1,0.000004
31,synthetic_endgame,3,1,NORMAL,0,27,10,8,9,4,2,0,0,0,0,1142,4,0.001895
31,synthetic_endgame,3,1,HARD,0,27,10,8,9,4,2,0,0,0,0,542,4,0.001010
32,synthetic_endgame,3,1,EASY,0,35,28,9,9,4,3,0,0,0,0,19,1,0.000004
32,synthetic_endgame,3,1,NORMAL,0,35,28,9,9,4,3,0,0,0,0,1102,4,0.001998
32,synthetic_endgame,3,1,HARD,0,10,12,9,9,4,3,0,0,0,0,4633,7,0.012422
33,synthetic_endgame,3,1,EASY,0,53,44,9,9,5,4,0,0,0,0,15,1,0.000003
33,synthetic_endgame,3,1,NORMAL,0,53,44,9,9,5,4,0,0,0,0,870,4,0.001400
33,synthetic_endgame,3,1,HARD,0,53,44,9,9,5,4,0,0,0,0,15119,9,0.045000
34,synthetic_endgame,3,1,EASY,0,19,10,9,10,1,0,0,1,0,0,0,1,0.000003
34,synthetic_endgame,3,1,NORMAL,0,19,10,9,10,1,0,0,1,0,0,0,1,0.000001
34,synthetic_endgame,3,1,HARD,0,19,10,9,10,1,0,0,1,0,0,0,1,0.000001
35,synthetic_endgame,3,1,EASY,0,27,10,9,10,2,0,0,1,0,0,0,1,0.000001
35,synthetic_endgame,3,1,NORMAL,0,27,10,9,10,2,0,0,1,0,0,0,1,0.000001
35,synthetic_endgame,3,1,HARD,0,27,10,9,10,2,0,0,1,0,0,0,1,0.000002
36,synthetic_endgame,3,2,EASY,0,21,30,7,7,9,8,0,0,0,0,31,1,0.000007
36,synthetic_endgame,3,2,NORMAL,0,54,56,7,7,9,7,0,0,0,0,1160,4,0.002835
36,synthetic_endgame,3,2,HARD,0,65,56,7,7,9,9,0,0,0,0,24000,8,0.085807
37,synthetic_endgame,3,2,EASY,0,63,65,7,7,16,14,0,0,0,0,37,1,0.000010
37,synthetic_endgame,3,2,NORMAL,0,51,43,7,7,16,16,0,0,0,0,1160,4,0.002940
37,synthetic_endgame,3,2,HARD,0,51,43,7,7,16,16,0,0,0,0,24000,8,0.090627
38,synthetic_endgame,3,2,EASY,0,21,30,7,7,14,13,0,0,0,0,26,1,0.000007
38,synthetic_endgame,3,2,NORMAL,0,27,35,7,7,14,13,0,0,0,0,1160,4,0.002603
38,synthetic_endgame,3,2,HARD,0,42,43,7,7,14,13,0,0,0,0,24000,8,0.076048
39,synthetic_endgame,3,2,EASY,0,45,47,7,8,8,7,0,0,0,0,37,1,0.000008
39,synthetic_endgame,3,2,NORMAL,0,35,36,7,7,8,7,0,0,0,0,1160,4,0.002948
39,synthetic_endgame,3,2,HARD,0,35,43,7,7,8,7,0,0,0,0,24000,8,0.080149
40,synthetic_endgame,3,2,EASY,0,43,44,8,8,6,5,0,0,0,0,28,1,0.000006
40,synthetic_endgame,3,2,NORMAL,0,54,56,8,8,6,4,0,0,0,0,1160,4,0.002638
40,synthetic_endgame,3,2,HARD,0,54,56,8,8,6,4,0,0,0,0,24000,8,0.078299
41,synthetic_endgame,3,2,EASY,0,63,65,8,8,10,8,0,0,0,0,29,1,0.000006
41,synthetic_endgame,3,2,NORMAL,0,63,65,8,8,10,8,0,0,0,0,1160,4,0.002548
41,synthetic_endgame,3,2,HARD,0,46,65,8,8,10,8,0,0,0,0,24000,8,0.079284
42,synthetic_endgame,3,2,EASY,0,21,30,8,8,10,9,0,0,0,0,24,1,0.000006
42,synthetic_endgame,3,2,NORMAL,0,46,65,8,8,10,8,0,0,0,0,1160,4,0.002353
42,synthetic_endgame,3,2,HARD,0,46,65,8,8,10,8,0,0,0,0,24000,8,0.069736
43,synthetic_endgame,3,2,EASY,0,30,38,8,8,7,6,0,0,0,0,30,1,0.000006
43,synthetic_endgame,3,2,NORMAL,0,35,36,8,8,7,6,0,0,0,0,1160,4,0.002523
43,synthetic_endgame,3,2,HARD,0,30,38,8,8,7,6,0,0,0,0,24000,8,0.075198
44,synthetic_endgame,3,2,EASY,0,46,63,9,9,2,1,0,0,0,0,15,1,0.000004
44,synthetic_endgame,3,2,NORMAL,0,46,63,9,9,2,1,0,0,0,0,796,4,0.001347
44,synthetic_endgame,3,2,HARD,0,46,63,9,9,2,1,0,0,0,0,373,4,0.000722
45,synthetic_endgame,3,2,EASY,0,51,52,9,9,5,4,0,0,0,0,19,1,0.000004
45,synthetic_endgame,3,2,NORMAL,0,63,65,9,9,5,3,0,0,0,0,1102,4,0.002014
45,synthetic_endgame,3,2,HARD,0,63,65,9,9,5,3,0,0,0,0,19247,9,0.049856
46,synthetic_endgame,3,2,EASY,0,21,30,9,9,5,4,0,0,0,0,18,1,0.000004
46,synthetic_endgame,3,2,NORMAL,0,46,65,9,9,5,3,0,0,0,0,1038,4,0.001794
46,synthetic_endgame,3,2,HARD,0,46,65,9,9,5,3,0,0,0,0,18082,9,0.046696
47,synthetic_endgame,3,2,EASY,0,39,47,9,9,5,4,0,0,0,0,22,1,0.000005
47,synthetic_endgame,3,2,NORMAL,0,39,47,9,9,5,4,0,0,0,0,1160,4,0.002172
47,synthetic_endgame,3,2,HARD,0,39,47,9,9,5,4,0,0,0,0,22286,9,0.060536
48,synthetic_endgame,3,3,EASY,0,51,60,7,8,11,10,0,0,0,0,31,1,0.000008
48,synthetic_endgame,3,3,NORMAL,0,40,48,7,7,11,10,0,0,0,0,1160,4,0.003064
48,synthetic_endgame,3,3,HARD,0,40,48,7,7,11,10,0,0,0,0,24000,8,0.086682
49,synthetic_endgame,3,3,EASY,0,38,53,7,7,15,13,0,0,0,0,28,1,0.000007
49,synthetic_endgame,3,3,NORMAL,0,27,34,7,7,15,14,0,0,0,0,1160,4,0.002793
49,synthetic_endgame,3,3,HARD,0,45,53,7,7,15,14,0,0,0,0,24000,8,0.082330
50,synthetic_endgame,3,3,EASY,0,42,40,7,8,11,9,0,0,0,0,36,1,0.000008
50,synthetic_endgame,3,3,NORMAL,0,60,58,7,7,11,9,0,0,0,0,1160,4,0.002954
50,synthetic_endgame,3,3,HARD,0,42,40,7,8,11,9,0,0,0,0,24000,8,0.085694
51,synthetic_endgame,3,3,EASY,0,36,35,7,7,16,15,0,0,0,0,34,1,0.000009
51,synthetic_endgame,3,3,NORMAL,0,21,29,7,7,16,15,0,0,0,0,1160,4,0.002915
51,synthetic_endgame,3,3,HARD,0,49,50,7,7,16,17,0,0,0,0,24000,8,0.086072
52,synthetic_endgame,3,3,EASY,0,51,60,8,9,8,7,0,0,0,0,28,1,0.000007
52,synthetic_endgame,3,3,NORMAL,0,51,60,8,9,8,7,0,0,0,0,1160,4,0.002613
52,synthetic_endgame,3,3,HARD,0,37,44,8,8,8,7,0,0,0,0,24000,8,0.081167
53,synthetic_endgame,3,3,EASY,0,27,34,8,8,9,8,0,0,0,0,26,1,0.000008
53,synthetic_endgame,3,3,NORMAL,0,27,34,8,8,9,8,0,0,0,0,1160,4,0.002477
53,synthetic_endgame,3,3,HARD,0,33,40,8,8,9,8,0,0,0,0,24000,8,0.074368
54,synthetic_endgame,3,3,EASY,0,30,29,8,8,9,8,0,0,0,0,27,1,0.000006
54,synthetic_endgame,3,3,NORMAL,0,30,29,8,8,9,8,0,0,0,0,1160,4,0.002553
54,synthetic_endgame,3,3,HARD,0,52,44,8,8,9,9,0,0,0,0,24000,8,0.081256
55,synthetic_endgame,3,3,EASY,0,38,45,8,8,11,10,0,0,0,0,28,1,0.000007
55,synthetic_endgame,3,3,NORMAL,0,21,29,8,8,11,10,0,0,0,0,1160,4,0.002437
55,synthetic_endgame,3,3,HARD,0,38,37,8,8,11,10,0,0,0,0,24000,8,0.076976
56,synthetic_endgame,3,3,EASY,0,37,36,9,9,4,3,0,0,0,0,19,1,0.000004
56,synthetic_endgame,3,3,NORMAL,0,37,36,9,9,4,3,0,0,0,0,1102,4,0.002183
56,synthetic_endgame,3,3,HARD,0,50,60,9,9,4,4,0,0,0,0,19247,9,0.060253
57,synthetic_endgame,3,3,EASY,0,38,37,9,9,6,5,0,0,0,0,21,1,0.000005
57,synthetic_endgame,3,3,NORMAL,0,33,40,9,9,6,5,0,0,0,0,1160,4,0.002229
57,synthetic_endgame,3,3,HARD,0,41,40,9,9,6,5,0,0,0,0,21273,9,0.062641
58,synthetic_endgame,3,3,EASY,0,52,51,9,9,4,3,0,0,0,0,21,1,0.000006
58,synthetic_endgame,3,3,NORMAL,0,41,40,9,9,4,3,0,0,0,0,1160,4,0.002214
58,synthetic_endgame,3,3,HARD,0,52,51,9,9,4,3,0,0,0,0,5118,7,0.012681
59,synthetic_endgame,3,3,EASY,0,33,40,9,9,6,5,0,0,0,0,21,1,0.000004
59,synthetic_endgame,3,3,NORMAL,0,33,40,9,9,6,5,0,0,0,0,1160,4,0.002176
59,synthetic_endgame,3,3,HARD,0,41,40,9,9,6,5,0,0,0,0,21273,9,0.061802
