mode,seed,red,yellow,green,human_slot,winner,turns,red_goal,yellow_goal,green_goal,nodes,cycle,timeout,host_seconds
3P,610839777,EASY,NORMAL,HARD,0,HARD,74,7,9,10,212612,0,0,0.842225
3P,610839777,EASY,NORMAL,HARD,1,HARD,82,8,9,10,306250,0,0,1.314511
3P,610839777,EASY,NORMAL,HARD,2,EASY,84,10,9,9,285450,0,0,1.193401
3P,610839777,EASY,HARD,NORMAL,0,HARD,84,8,10,9,317083,0,0,1.328963
3P,610839777,EASY,HARD,NORMAL,1,NORMAL,100,9,8,10,367285,0,0,1.451245
3P,610839777,EASY,HARD,NORMAL,2,HARD,80,8,10,9,309598,0,0,1.420982
3P,610839777,NORMAL,EASY,HARD,0,NORMAL,67,10,8,9,242901,0,0,1.005007
3P,610839777,NORMAL,EASY,HARD,1,HARD,82,9,7,10,311885,0,0,1.215125
3P,610839777,NORMAL,EASY,HARD,2,HARD,73,9,7,10,277427,0,0,1.247155
3P,610839777,NORMAL,HARD,EASY,0,HARD,81,9,10,9,314161,0,0,1.319011
3P,610839777,NORMAL,HARD,EASY,1,NORMAL,68,10,9,5,222587,0,0,0.922160
3P,610839777,NORMAL,HARD,EASY,2,EASY,85,9,9,10,303505,0,0,1.178846
3P,610839777,HARD,EASY,NORMAL,0,NORMAL,86,9,9,10,287746,0,0,1.132259
3P,610839777,HARD,EASY,NORMAL,1,HARD,80,10,9,9,248312,0,0,0.896054
3P,610839777,HARD,EASY,NORMAL,2,HARD,78,10,7,9,289779,0,0,1.081759
3P,610839777,HARD,NORMAL,EASY,0,NORMAL,72,8,10,7,214692,0,0,0.755437
3P,610839777,HARD,NORMAL,EASY,1,HARD,74,10,9,6,244132,0,0,0.890532
3P,610839777,HARD,NORMAL,EASY,2,HARD,90,10,9,9,376654,0,0,1.324847
3P,610944506,EASY,NORMAL,HARD,0,NORMAL,77,8,10,7,267327,0,0,1.041018
3P,610944506,EASY,NORMAL,HARD,1,NORMAL,73,7,10,9,266250,0,0,1.025206
3P,610944506,EASY,NORMAL,HARD,2,NORMAL,64,7,10,9,179269,0,0,0.679875
3P,610944506,EASY,HARD,NORMAL,0,HARD,71,7,10,9,191335,0,0,0.707029
3P,610944506,EASY,HARD,NORMAL,1,HARD,70,8,10,9,221838,0,0,0.836209
3P,610944506,EASY,HARD,NORMAL,2,HARD,73,7,10,9,246446,0,0,0.929264
3P,610944506,NORMAL,EASY,HARD,0,NORMAL,82,10,9,8,203751,0,0,0.765386
3P,610944506,NORMAL,EASY,HARD,1,EASY,85,9,10,9,246700,0,0,0.914408
3P,610944506,NORMAL,EASY,HARD,2,NORMAL,78,10,9,9,264519,0,0,0.975708
3P,610944506,NORMAL,HARD,EASY,0,NORMAL,73,10,9,8,224607,0,0,0.851220
3P,610944506,NORMAL,HARD,EASY,1,HARD,70,9,10,7,237485,0,0,0.989162
3P,610944506,NORMAL,HARD,EASY,2,HARD,73,8,10,8,231233,0,0,0.908100
3P,610944506,HARD,EASY,NORMAL,0,HARD,88,10,9,9,338289,0,0,1.294729
3P,610944506,HARD,EASY,NORMAL,1,HARD,77,10,9,9,318841,0,0,1.311614
3P,610944506,HARD,EASY,NORMAL,2,HARD,78,10,9,8,244561,0,0,0.946055
3P,610944506,HARD,NORMAL,EASY,0,NORMAL,71,7,10,8,226215,0,0,0.868173
3P,610944506,HARD,NORMAL,EASY,1,NORMAL,70,9,10,9,199377,0,0,0.794473
3P,610944506,HARD,NORMAL,EASY,2,HARD,72,10,9,7,190873,0,0,0.695674
3P,611049235,EASY,NORMAL,HARD,0,HARD,86,9,9,10,339704,0,0,1.333674
3P,611049235,EASY,NORMAL,HARD,1,EASY,86,10,9,8,276665,0,0,1.027005
3P,611049235,EASY,NORMAL,HARD,2,EASY,87,10,9,9,291635,0,0,1.096169
3P,611049235,EASY,HARD,NORMAL,0,EASY,85,10,9,8,312679,0,0,1.105877
3P,611049235,EASY,HARD,NORMAL,1,HARD,81,8,10,9,319705,0,0,1.367330
3P,611049235,EASY,HARD,NORMAL,2,EASY,66,10,7,9,256682,0,0,1.034567
3P,611049235,NORMAL,EASY,HARD,0,NORMAL,73,10,8,9,274158,0,0,1.107999
3P,611049235,NORMAL,EASY,HARD,1,HARD,82,9,8,10,312973,0,0,1.270579
3P,611049235,NORMAL,EASY,HARD,2,EASY,92,9,10,8,292439,0,0,1.039375
3P,611049235,NORMAL,HARD,EASY,0,NORMAL,58,10,6,7,138185,0,0,0.537515
3P,611049235,NORMAL,HARD,EASY,1,NORMAL,65,10,8,8,155723,0,0,0.610710
3P,611049235,NORMAL,HARD,EASY,2,EASY,79,8,8,10,217047,0,0,0.796232
3P,611049235,HARD,EASY,NORMAL,0,HARD,73,10,7,8,351183,0,0,1.341119
3P,611049235,HARD,EASY,NORMAL,1,HARD,71,10,8,9,301613,0,0,1.286655
3P,611049235,HARD,EASY,NORMAL,2,NORMAL,82,8,8,10,299715,0,0,1.079861
3P,611049235,HARD,NORMAL,EASY,0,HARD,64,10,9,7,251633,0,0,0.983504
3P,611049235,HARD,NORMAL,EASY,1,HARD,65,10,8,7,236327,0,0,0.904858
3P,611049235,HARD,NORMAL,EASY,2,HARD,90,10,9,9,364750,0,0,1.406326
3P,611153964,EASY,NORMAL,HARD,0,EASY,85,10,8,9,259478,0,0,1.011760
3P,611153964,EASY,NORMAL,HARD,1,EASY,83,10,9,9,241751,0,0,0.929316
3P,611153964,EASY,NORMAL,HARD,2,HARD,80,8,9,10,218228,0,0,0.903688
3P,611153964,EASY,HARD,NORMAL,0,NORMAL,78,9,8,10,256901,0,0,1.007971
3P,611153964,EASY,HARD,NORMAL,1,HARD,79,8,10,9,247805,0,0,1.018118
3P,611153964,EASY,HARD,NORMAL,2,HARD,94,9,10,9,309838,0,0,1.205789
3P,611153964,NORMAL,EASY,HARD,0,NORMAL,70,10,8,9,219121,0,0,0.944790
3P,611153964,NORMAL,EASY,HARD,1,EASY,109,9,10,8,383687,0,0,1.350208
3P,611153964,NORMAL,EASY,HARD,2,HARD,86,9,7,10,332013,0,0,1.344797
3P,611153964,NORMAL,HARD,EASY,0,NORMAL,79,10,9,8,249671,0,0,0.998413
3P,611153964,NORMAL,HARD,EASY,1,HARD,88,9,10,8,236369,0,0,0.947427
3P,611153964,NORMAL,HARD,EASY,2,EASY,98,9,9,10,350170,0,0,1.266943
3P,611153964,HARD,EASY,NORMAL,0,NORMAL,75,9,7,10,297501,0,0,1.211528
3P,611153964,HARD,EASY,NORMAL,1,EASY,70,9,10,9,260303,0,0,1.058995
3P,611153964,HARD,EASY,NORMAL,2,NORMAL,71,9,5,10,199450,0,0,0.784784
3P,611153964,HARD,NORMAL,EASY,0,HARD,85,10,9,9,260803,0,0,1.013905
3P,611153964,HARD,NORMAL,EASY,1,EASY,72,9,8,10,213356,0,0,0.877207
3P,611153964,HARD,NORMAL,EASY,2,HARD,72,10,8,6,254712,0,0,0.947739
3P,611258693,EASY,NORMAL,HARD,0,HARD,75,8,9,10,230284,0,0,0.923717
3P,611258693,EASY,NORMAL,HARD,1,NORMAL,79,8,10,8,270732,0,0,1.092323
3P,611258693,EASY,NORMAL,HARD,2,NORMAL,94,9,10,9,353511,0,0,1.268356
3P,611258693,EASY,HARD,NORMAL,0,NORMAL,72,7,9,10,269780,0,0,1.024971
3P,611258693,EASY,HARD,NORMAL,1,NORMAL,84,9,9,10,394833,0,0,1.773591
3P,611258693,EASY,HARD,NORMAL,2,NORMAL,89,9,7,10,232384,0,0,0.953585
3P,611258693,NORMAL,EASY,HARD,0,HARD,66,8,7,10,219448,0,0,0.963159
3P,611258693,NORMAL,EASY,HARD,1,HARD,81,9,8,10,319332,0,0,1.280548
3P,611258693,NORMAL,EASY,HARD,2,NORMAL,78,10,7,9,289632,0,0,1.185302
3P,611258693,NORMAL,HARD,EASY,0,EASY,78,9,9,10,308266,0,0,1.172957
3P,611258693,NORMAL,HARD,EASY,1,EASY,84,9,9,10,330074,0,0,1.281981
3P,611258693,NORMAL,HARD,EASY,2,NORMAL,78,10,9,8,329551,0,0,1.370710
3P,611258693,HARD,EASY,NORMAL,0,NORMAL,72,9,7,10,293518,0,0,1.356795
3P,611258693,HARD,EASY,NORMAL,1,HARD,62,10,7,8,178624,0,0,0.735317
3P,611258693,HARD,EASY,NORMAL,2,HARD,72,10,7,9,204930,0,0,0.829848
3P,611258693,HARD,NORMAL,EASY,0,NORMAL,71,8,10,7,204263,0,0,0.768943
3P,611258693,HARD,NORMAL,EASY,1,HARD,68,10,9,7,260184,0,0,1.132674
3P,611258693,HARD,NORMAL,EASY,2,NORMAL,79,8,10,7,297164,0,0,1.274306
3P,611363422,EASY,NORMAL,HARD,0,HARD,83,8,9,10,281221,0,0,1.080355
3P,611363422,EASY,NORMAL,HARD,1,HARD,97,9,9,10,318329,0,0,1.174079
3P,611363422,EASY,NORMAL,HARD,2,HARD,91,9,9,10,333735,0,0,1.308724
3P,611363422,EASY,HARD,NORMAL,0,HARD,81,7,10,9,328541,0,0,1.410853
3P,611363422,EASY,HARD,NORMAL,1,HARD,81,9,10,9,284728,0,0,1.134335
3P,611363422,EASY,HARD,NORMAL,2,HARD,68,8,10,9,212912,0,0,0.937340
3P,611363422,NORMAL,EASY,HARD,0,NORMAL,79,10,8,9,291388,0,0,1.153543
3P,611363422,NORMAL,EASY,HARD,1,HARD,79,9,8,10,292317,0,0,1.147495
3P,611363422,NORMAL,EASY,HARD,2,EASY,86,8,10,9,266527,0,0,1.017310
3P,611363422,NORMAL,HARD,EASY,0,NORMAL,64,10,7,6,153569,0,0,0.589472
3P,611363422,NORMAL,HARD,EASY,1,HARD,81,9,10,8,215966,0,0,0.808832
3P,611363422,NORMAL,HARD,EASY,2,NORMAL,90,10,8,8,319478,0,0,1.182379
3P,611363422,HARD,EASY,NORMAL,0,HARD,67,10,7,8,213258,0,0,0.914811
3P,611363422,HARD,EASY,NORMAL,1,HARD,62,10,7,9,257715,0,0,1.137603
3P,611363422,HARD,EASY,NORMAL,2,HARD,78,10,8,8,288638,0,0,1.200377
3P,611363422,HARD,NORMAL,EASY,0,HARD,76,10,9,7,269489,0,0,1.105903
3P,611363422,HARD,NORMAL,EASY,1,HARD,74,10,9,9,247230,0,0,1.094223
3P,611363422,HARD,NORMAL,EASY,2,HARD,81,10,9,7,325051,0,0,1.283954
3P,611468151,EASY,NORMAL,HARD,0,HARD,71,6,9,10,252817,0,0,1.155650
3P,611468151,EASY,NORMAL,HARD,1,NORMAL,66,7,10,9,306692,0,0,1.454474
3P,611468151,EASY,NORMAL,HARD,2,NORMAL,77,7,10,8,297146,0,0,1.313656
3P,611468151,EASY,HARD,NORMAL,0,HARD,81,8,10,9,302989,0,0,1.289472
3P,611468151,EASY,HARD,NORMAL,1,NORMAL,82,9,9,10,272223,0,0,1.058538
3P,611468151,EASY,HARD,NORMAL,2,NORMAL,94,9,9,10,355154,0,0,1.356257
3P,611468151,NORMAL,EASY,HARD,0,HARD,59,8,7,10,203099,0,0,1.007424
3P,611468151,NORMAL,EASY,HARD,1,HARD,73,9,8,10,311017,0,0,1.388525
3P,611468151,NORMAL,EASY,HARD,2,HARD,88,9,8,10,334373,0,0,1.393697
3P,611468151,NORMAL,HARD,EASY,0,NORMAL,82,10,9,9,207393,0,0,0.829985
3P,611468151,NORMAL,HARD,EASY,1,NORMAL,83,10,9,9,333401,0,0,1.211135
3P,611468151,NORMAL,HARD,EASY,2,HARD,71,9,10,7,269349,0,0,1.212870
3P,611468151,HARD,EASY,NORMAL,0,NORMAL,86,8,9,10,326101,0,0,1.225986
3P,611468151,HARD,EASY,NORMAL,1,NORMAL,58,8,8,10,151618,0,0,0.657983
3P,611468151,HARD,EASY,NORMAL,2,NORMAL,76,8,9,10,277679,0,0,1.134851
3P,611468151,HARD,NORMAL,EASY,0,HARD,82,10,9,9,313588,0,0,1.198171
3P,611468151,HARD,NORMAL,EASY,1,HARD,77,10,9,9,326247,0,0,1.475853
3P,611468151,HARD,NORMAL,EASY,2,NORMAL,74,9,10,7,199441,0,0,0.809768
3P,611572880,EASY,NORMAL,HARD,0,NORMAL,77,9,10,9,274547,0,0,1.127202
3P,611572880,EASY,NORMAL,HARD,1,NORMAL,61,7,10,8,145027,0,0,0.574558
3P,611572880,EASY,NORMAL,HARD,2,NORMAL,79,7,10,9,268885,0,0,1.022606
3P,611572880,EASY,HARD,NORMAL,0,NORMAL,90,9,9,10,378185,0,0,1.510849
3P,611572880,EASY,HARD,NORMAL,1,HARD,85,8,10,9,348785,0,0,1.365482
3P,611572880,EASY,HARD,NORMAL,2,HARD,70,7,10,8,304560,0,0,1.107077
3P,611572880,NORMAL,EASY,HARD,0,HARD,75,9,9,10,231181,0,0,0.943736
3P,611572880,NORMAL,EASY,HARD,1,HARD,69,8,8,10,228094,0,0,0.959429
3P,611572880,NORMAL,EASY,HARD,2,EASY,76,9,10,9,334387,0,0,1.234346
3P,611572880,NORMAL,HARD,EASY,0,NORMAL,79,10,8,8,312650,0,0,1.331363
3P,611572880,NORMAL,HARD,EASY,1,HARD,79,9,10,8,345029,0,0,1.401867
3P,611572880,NORMAL,HARD,EASY,2,HARD,67,9,10,6,275321,0,0,1.064856
3P,611572880,HARD,EASY,NORMAL,0,EASY,74,8,10,8,183229,0,0,0.682332
3P,611572880,HARD,EASY,NORMAL,1,EASY,73,8,10,9,195437,0,0,0.815255
3P,611572880,HARD,EASY,NORMAL,2,HARD,87,10,9,9,288558,0,0,0.985998
3P,611572880,HARD,NORMAL,EASY,0,HARD,73,10,9,8,273038,0,0,1.137903
3P,611572880,HARD,NORMAL,EASY,1,EASY,84,7,9,10,214370,0,0,0.787296
3P,611572880,HARD,NORMAL,EASY,2,HARD,72,10,9,7,235897,0,0,0.826990
