mode,pair,seed,red,green,first,winner,turns,red_goal,green_goal,nodes,cycle,timeout,host_seconds
2P,NORMAL_vs_EASY,324508639,NORMAL,EASY,RED,NORMAL,71,10,8,4081,0,0,0.012866
2P,NORMAL_vs_EASY,324508639,EASY,NORMAL,RED,NORMAL,72,9,10,3788,0,0,0.010014
2P,NORMAL_vs_EASY,324508639,NORMAL,EASY,GREEN,NORMAL,74,10,9,3914,0,0,0.010081
2P,NORMAL_vs_EASY,324508639,EASY,NORMAL,GREEN,NORMAL,71,8,10,4088,0,0,0.009909
2P,NORMAL_vs_EASY,324613368,NORMAL,EASY,RED,NORMAL,73,10,8,4103,0,0,0.009655
2P,NORMAL_vs_EASY,324613368,EASY,NORMAL,RED,NORMAL,70,9,10,3964,0,0,0.008275
2P,NORMAL_vs_EASY,324613368,NORMAL,EASY,GREEN,NORMAL,70,10,9,3971,0,0,0.008266
2P,NORMAL_vs_EASY,324613368,EASY,NORMAL,GREEN,NORMAL,77,9,10,4119,0,0,0.008020
2P,NORMAL_vs_EASY,324718097,NORMAL,EASY,RED,NORMAL,73,10,8,4219,0,0,0.009254
2P,NORMAL_vs_EASY,324718097,EASY,NORMAL,RED,NORMAL,78,9,10,4360,0,0,0.007855
2P,NORMAL_vs_EASY,324718097,NORMAL,EASY,GREEN,NORMAL,62,10,7,3504,0,0,0.006529
2P,NORMAL_vs_EASY,324718097,EASY,NORMAL,GREEN,NORMAL,73,8,10,4226,0,0,0.008453
2P,NORMAL_vs_EASY,324822826,NORMAL,EASY,RED,NORMAL,59,10,8,3272,0,0,0.006613
2P,NORMAL_vs_EASY,324822826,EASY,NORMAL,RED,NORMAL,76,9,10,4325,0,0,0.008198
2P,NORMAL_vs_EASY,324822826,NORMAL,EASY,GREEN,NORMAL,76,10,9,4325,0,0,0.008368
2P,NORMAL_vs_EASY,324822826,EASY,NORMAL,GREEN,NORMAL,57,7,10,3198,0,0,0.006702
2P,NORMAL_vs_EASY,324927555,NORMAL,EASY,RED,NORMAL,65,10,9,3478,0,0,0.007140
2P,NORMAL_vs_EASY,324927555,EASY,NORMAL,RED,EASY,63,10,9,3460,0,0,0.006521
2P,NORMAL_vs_EASY,324927555,NORMAL,EASY,GREEN,EASY,63,9,10,3460,0,0,0.008276
2P,NORMAL_vs_EASY,324927555,EASY,NORMAL,GREEN,NORMAL,67,9,10,3541,0,0,0.009381
2P,NORMAL_vs_EASY,325032284,NORMAL,EASY,RED,EASY,72,9,10,3941,0,0,0.010216
2P,NORMAL_vs_EASY,325032284,EASY,NORMAL,RED,NORMAL,74,8,10,4132,0,0,0.008401
2P,NORMAL_vs_EASY,325032284,NORMAL,EASY,GREEN,NORMAL,74,10,9,4253,0,0,0.008243
2P,NORMAL_vs_EASY,325032284,EASY,NORMAL,GREEN,EASY,72,10,9,3945,0,0,0.008255
2P,NORMAL_vs_EASY,325137013,NORMAL,EASY,RED,NORMAL,77,10,8,4163,0,0,0.008059
2P,NORMAL_vs_EASY,325137013,EASY,NORMAL,RED,EASY,75,10,9,4235,0,0,0.007742
2P,NORMAL_vs_EASY,325137013,NORMAL,EASY,GREEN,EASY,75,9,10,4242,0,0,0.008835
2P,NORMAL_vs_EASY,325137013,EASY,NORMAL,GREEN,NORMAL,61,7,10,3254,0,0,0.005742
2P,NORMAL_vs_EASY,325241742,NORMAL,EASY,RED,NORMAL,63,10,9,3417,0,0,0.007409
2P,NORMAL_vs_EASY,325241742,EASY,NORMAL,RED,NORMAL,74,9,10,3997,0,0,0.008074
2P,NORMAL_vs_EASY,325241742,NORMAL,EASY,GREEN,NORMAL,62,10,8,3396,0,0,0.007237
2P,NORMAL_vs_EASY,325241742,EASY,NORMAL,GREEN,NORMAL,63,8,10,3438,0,0,0.007932
2P,NORMAL_vs_EASY,325346471,NORMAL,EASY,RED,NORMAL,75,10,9,4167,0,0,0.007768
2P,NORMAL_vs_EASY,325346471,EASY,NORMAL,RED,NORMAL,64,8,10,3560,0,0,0.007197
2P,NORMAL_vs_EASY,325346471,NORMAL,EASY,GREEN,NORMAL,64,10,8,3551,0,0,0.006452
2P,NORMAL_vs_EASY,325346471,EASY,NORMAL,GREEN,NORMAL,67,7,10,3772,0,0,0.006903
2P,NORMAL_vs_EASY,325451200,NORMAL,EASY,RED,NORMAL,65,10,8,3653,0,0,0.007786
2P,NORMAL_vs_EASY,325451200,EASY,NORMAL,RED,NORMAL,68,9,10,3751,0,0,0.006750
2P,NORMAL_vs_EASY,325451200,NORMAL,EASY,GREEN,EASY,73,9,10,3917,0,0,0.008258
2P,NORMAL_vs_EASY,325451200,EASY,NORMAL,GREEN,NORMAL,61,8,10,3161,0,0,0.006354
2P,NORMAL_vs_EASY,325555929,NORMAL,EASY,RED,NORMAL,53,10,8,2808,0,0,0.005769
2P,NORMAL_vs_EASY,325555929,EASY,NORMAL,RED,EASY,65,10,9,3620,0,0,0.007516
2P,NORMAL_vs_EASY,325555929,NORMAL,EASY,GREEN,EASY,65,9,10,3620,0,0,0.007688
2P,NORMAL_vs_EASY,325555929,EASY,NORMAL,GREEN,NORMAL,55,9,10,2938,0,0,0.006052
2P,NORMAL_vs_EASY,325660658,NORMAL,EASY,RED,NORMAL,69,10,9,3814,0,0,0.009695
2P,NORMAL_vs_EASY,325660658,EASY,NORMAL,RED,NORMAL,56,6,10,3048,0,0,0.005703
2P,NORMAL_vs_EASY,325660658,NORMAL,EASY,GREEN,NORMAL,62,10,7,3357,0,0,0.006963
2P,NORMAL_vs_EASY,325660658,EASY,NORMAL,GREEN,NORMAL,67,9,10,3619,0,0,0.007927
2P,NORMAL_vs_EASY,325765387,NORMAL,EASY,RED,EASY,70,9,10,3869,0,0,0.007221
2P,NORMAL_vs_EASY,325765387,EASY,NORMAL,RED,EASY,67,10,9,3680,0,0,0.006971
2P,NORMAL_vs_EASY,325765387,NORMAL,EASY,GREEN,EASY,67,9,10,3680,0,0,0.007370
2P,NORMAL_vs_EASY,325765387,EASY,NORMAL,GREEN,EASY,70,10,9,3897,0,0,0.007932
2P,NORMAL_vs_EASY,325870116,NORMAL,EASY,RED,NORMAL,51,10,6,2740,0,0,0.005491
2P,NORMAL_vs_EASY,325870116,EASY,NORMAL,RED,EASY,69,10,8,3938,0,0,0.007935
2P,NORMAL_vs_EASY,325870116,NORMAL,EASY,GREEN,EASY,65,7,10,3720,0,0,0.007679
2P,NORMAL_vs_EASY,325870116,EASY,NORMAL,GREEN,NORMAL,51,6,10,2740,0,0,0.005392
2P,NORMAL_vs_EASY,325974845,NORMAL,EASY,RED,NORMAL,59,10,8,3083,0,0,0.006571
2P,NORMAL_vs_EASY,325974845,EASY,NORMAL,RED,NORMAL,72,9,10,3841,0,0,0.008250
2P,NORMAL_vs_EASY,325974845,NORMAL,EASY,GREEN,EASY,69,9,10,3685,0,0,0.008302
2P,NORMAL_vs_EASY,325974845,EASY,NORMAL,GREEN,NORMAL,61,9,10,3153,0,0,0.006417
2P,NORMAL_vs_EASY,326079574,NORMAL,EASY,RED,EASY,68,9,10,3768,0,0,0.007858
2P,NORMAL_vs_EASY,326079574,EASY,NORMAL,RED,EASY,63,10,9,3447,0,0,0.006483
2P,NORMAL_vs_EASY,326079574,NORMAL,EASY,GREEN,EASY,63,9,10,3446,0,0,0.006012
2P,NORMAL_vs_EASY,326079574,EASY,NORMAL,GREEN,EASY,68,10,9,3768,0,0,0.007560
2P,NORMAL_vs_EASY,326184303,NORMAL,EASY,RED,NORMAL,59,10,7,3299,0,0,0.006641
2P,NORMAL_vs_EASY,326184303,EASY,NORMAL,RED,NORMAL,72,9,10,3998,0,0,0.007614
2P,NORMAL_vs_EASY,326184303,NORMAL,EASY,GREEN,NORMAL,74,10,9,4031,0,0,0.008127
2P,NORMAL_vs_EASY,326184303,EASY,NORMAL,GREEN,NORMAL,59,7,10,3285,0,0,0.006544
2P,NORMAL_vs_EASY,326289032,NORMAL,EASY,RED,EASY,74,9,10,4075,0,0,0.008920
2P,NORMAL_vs_EASY,326289032,EASY,NORMAL,RED,NORMAL,64,9,10,3409,0,0,0.005942
2P,NORMAL_vs_EASY,326289032,NORMAL,EASY,GREEN,NORMAL,66,10,8,3639,0,0,0.007135
2P,NORMAL_vs_EASY,326289032,EASY,NORMAL,GREEN,EASY,72,10,8,4074,0,0,0.007524
2P,NORMAL_vs_EASY,326393761,NORMAL,EASY,RED,NORMAL,73,10,9,3988,0,0,0.007909
2P,NORMAL_vs_EASY,326393761,EASY,NORMAL,RED,NORMAL,72,8,10,3940,0,0,0.006999
2P,NORMAL_vs_EASY,326393761,NORMAL,EASY,GREEN,NORMAL,74,10,8,4064,0,0,0.008885
2P,NORMAL_vs_EASY,326393761,EASY,NORMAL,GREEN,NORMAL,71,9,10,3875,0,0,0.006872
2P,NORMAL_vs_EASY,326498490,NORMAL,EASY,RED,NORMAL,67,10,9,3532,0,0,0.007022
2P,NORMAL_vs_EASY,326498490,EASY,NORMAL,RED,NORMAL,64,8,10,3372,0,0,0.006727
2P,NORMAL_vs_EASY,326498490,NORMAL,EASY,GREEN,NORMAL,64,10,8,3368,0,0,0.007363
2P,NORMAL_vs_EASY,326498490,EASY,NORMAL,GREEN,NORMAL,65,9,10,3440,0,0,0.006355
2P,NORMAL_vs_EASY,326603219,NORMAL,EASY,RED,NORMAL,55,10,8,2827,0,0,0.005934
2P,NORMAL_vs_EASY,326603219,EASY,NORMAL,RED,NORMAL,70,9,10,3662,0,0,0.006656
2P,NORMAL_vs_EASY,326603219,NORMAL,EASY,GREEN,NORMAL,70,10,9,3662,0,0,0.007506
2P,NORMAL_vs_EASY,326603219,EASY,NORMAL,GREEN,NORMAL,55,8,10,2827,0,0,0.004890
2P,NORMAL_vs_EASY,326707948,NORMAL,EASY,RED,EASY,64,9,10,3551,0,0,0.008196
2P,NORMAL_vs_EASY,326707948,EASY,NORMAL,RED,NORMAL,50,7,10,2673,0,0,0.005223
2P,NORMAL_vs_EASY,326707948,NORMAL,EASY,GREEN,NORMAL,50,10,7,2673,0,0,0.005738
2P,NORMAL_vs_EASY,326707948,EASY,NORMAL,GREEN,EASY,64,10,9,3551,0,0,0.007466
2P,NORMAL_vs_EASY,326812677,NORMAL,EASY,RED,NORMAL,67,10,7,3650,0,0,0.007335
2P,NORMAL_vs_EASY,326812677,EASY,NORMAL,RED,EASY,73,10,9,4125,0,0,0.007990
2P,NORMAL_vs_EASY,326812677,NORMAL,EASY,GREEN,EASY,73,9,10,4132,0,0,0.009426
2P,NORMAL_vs_EASY,326812677,EASY,NORMAL,GREEN,NORMAL,67,7,10,3650,0,0,0.007931
2P,NORMAL_vs_EASY,326917406,NORMAL,EASY,RED,NORMAL,69,10,9,3888,0,0,0.008499
2P,NORMAL_vs_EASY,326917406,EASY,NORMAL,RED,NORMAL,70,8,10,3839,0,0,0.008342
2P,NORMAL_vs_EASY,326917406,NORMAL,EASY,GREEN,NORMAL,70,10,8,3839,0,0,0.008744
2P,NORMAL_vs_EASY,326917406,EASY,NORMAL,GREEN,NORMAL,73,9,10,4172,0,0,0.008402
2P,NORMAL_vs_EASY,327022135,NORMAL,EASY,RED,NORMAL,57,10,6,3051,0,0,0.005353
2P,NORMAL_vs_EASY,327022135,EASY,NORMAL,RED,NORMAL,60,7,10,3400,0,0,0.007074
2P,NORMAL_vs_EASY,327022135,NORMAL,EASY,GREEN,NORMAL,60,10,7,3407,0,0,0.007011
2P,NORMAL_vs_EASY,327022135,EASY,NORMAL,GREEN,NORMAL,57,6,10,3051,0,0,0.005619
2P,HARD_vs_NORMAL,324508639,HARD,NORMAL,RED,NORMAL,68,9,10,268151,0,0,0.676604
2P,HARD_vs_NORMAL,324508639,NORMAL,HARD,RED,HARD,62,8,10,227630,0,0,0.604288
2P,HARD_vs_NORMAL,324508639,HARD,NORMAL,GREEN,HARD,62,10,8,227646,0,0,0.591003
2P,HARD_vs_NORMAL,324508639,NORMAL,HARD,GREEN,NORMAL,88,10,9,495842,0,0,1.027585
2P,HARD_vs_NORMAL,324613368,HARD,NORMAL,RED,HARD,71,10,9,341625,0,0,0.832314
2P,HARD_vs_NORMAL,324613368,NORMAL,HARD,RED,NORMAL,83,10,9,354013,0,0,0.768569
2P,HARD_vs_NORMAL,324613368,HARD,NORMAL,GREEN,NORMAL,83,9,10,353230,0,0,0.796422
2P,HARD_vs_NORMAL,324613368,NORMAL,HARD,GREEN,HARD,71,9,10,341347,0,0,0.834918
2P,HARD_vs_NORMAL,324718097,HARD,NORMAL,RED,HARD,61,10,8,251145,0,0,0.587984
2P,HARD_vs_NORMAL,324718097,NORMAL,HARD,RED,HARD,80,8,10,395963,0,0,1.031599
2P,HARD_vs_NORMAL,324718097,HARD,NORMAL,GREEN,HARD,72,10,8,312020,0,0,0.754458
2P,HARD_vs_NORMAL,324718097,NORMAL,HARD,GREEN,HARD,61,8,10,251136,0,0,0.587873
2P,HARD_vs_NORMAL,324822826,HARD,NORMAL,RED,HARD,79,10,8,331535,0,0,0.763507
2P,HARD_vs_NORMAL,324822826,NORMAL,HARD,RED,HARD,68,8,10,286477,0,0,0.659995
2P,HARD_vs_NORMAL,324822826,HARD,NORMAL,GREEN,HARD,68,10,8,287698,0,0,0.671910
2P,HARD_vs_NORMAL,324822826,NORMAL,HARD,GREEN,HARD,79,8,10,331469,0,0,0.813400
2P,HARD_vs_NORMAL,324927555,HARD,NORMAL,RED,HARD,59,10,8,309293,0,0,0.752659
2P,HARD_vs_NORMAL,324927555,NORMAL,HARD,RED,HARD,62,9,10,174641,0,0,0.451835
2P,HARD_vs_NORMAL,324927555,HARD,NORMAL,GREEN,HARD,62,10,9,174918,0,0,0.458656
2P,HARD_vs_NORMAL,324927555,NORMAL,HARD,GREEN,HARD,59,8,10,309208,0,0,0.772142
2P,HARD_vs_NORMAL,325032284,HARD,NORMAL,RED,HARD,61,10,7,149652,0,0,0.401755
2P,HARD_vs_NORMAL,325032284,NORMAL,HARD,RED,HARD,62,8,10,204921,0,0,0.478915
2P,HARD_vs_NORMAL,325032284,HARD,NORMAL,GREEN,HARD,62,10,8,204924,0,0,0.500789
2P,HARD_vs_NORMAL,325032284,NORMAL,HARD,GREEN,HARD,61,7,10,149646,0,0,0.363149
2P,HARD_vs_NORMAL,325137013,HARD,NORMAL,RED,HARD,71,10,9,323263,0,0,0.681116
2P,HARD_vs_NORMAL,325137013,NORMAL,HARD,RED,HARD,68,7,10,302906,0,0,0.743409
2P,HARD_vs_NORMAL,325137013,HARD,NORMAL,GREEN,HARD,68,10,7,302974,0,0,0.715768
2P,HARD_vs_NORMAL,325137013,NORMAL,HARD,GREEN,HARD,71,9,10,323407,0,0,0.683800
2P,HARD_vs_NORMAL,325241742,HARD,NORMAL,RED,HARD,69,10,9,305247,0,0,0.680604
2P,HARD_vs_NORMAL,325241742,NORMAL,HARD,RED,HARD,66,8,10,341701,0,0,0.845806
2P,HARD_vs_NORMAL,325241742,HARD,NORMAL,GREEN,HARD,66,10,8,341720,0,0,0.850751
2P,HARD_vs_NORMAL,325241742,NORMAL,HARD,GREEN,HARD,69,9,10,305270,0,0,0.674493
2P,HARD_vs_NORMAL,325346471,HARD,NORMAL,RED,HARD,69,10,9,305247,0,0,0.677253
2P,HARD_vs_NORMAL,325346471,NORMAL,HARD,RED,HARD,66,8,10,341701,0,0,0.839094
2P,HARD_vs_NORMAL,325346471,HARD,NORMAL,GREEN,HARD,66,10,8,341720,0,0,0.853053
2P,HARD_vs_NORMAL,325346471,NORMAL,HARD,GREEN,HARD,69,9,10,305270,0,0,0.677543
2P,HARD_vs_NORMAL,325451200,HARD,NORMAL,RED,HARD,71,10,8,291213,0,0,0.678999
2P,HARD_vs_NORMAL,325451200,NORMAL,HARD,RED,HARD,66,9,10,341103,0,0,0.762824
2P,HARD_vs_NORMAL,325451200,HARD,NORMAL,GREEN,HARD,66,10,9,341072,0,0,0.756244
2P,HARD_vs_NORMAL,325451200,NORMAL,HARD,GREEN,HARD,71,8,10,291259,0,0,0.676074
2P,HARD_vs_NORMAL,325555929,HARD,NORMAL,RED,HARD,59,10,8,309293,0,0,0.684464
2P,HARD_vs_NORMAL,325555929,NORMAL,HARD,RED,HARD,62,9,10,174641,0,0,0.406244
2P,HARD_vs_NORMAL,325555929,HARD,NORMAL,GREEN,HARD,62,10,9,174918,0,0,0.414758
2P,HARD_vs_NORMAL,325555929,NORMAL,HARD,GREEN,HARD,59,8,10,309208,0,0,0.695949
2P,HARD_vs_NORMAL,325660658,HARD,NORMAL,RED,HARD,71,10,9,247516,0,0,0.597887
2P,HARD_vs_NORMAL,325660658,NORMAL,HARD,RED,HARD,72,9,10,288249,0,0,0.652234
2P,HARD_vs_NORMAL,325660658,HARD,NORMAL,GREEN,HARD,72,10,9,289142,0,0,0.634137
2P,HARD_vs_NORMAL,325660658,NORMAL,HARD,GREEN,HARD,71,9,10,247892,0,0,0.603229
2P,HARD_vs_NORMAL,325765387,HARD,NORMAL,RED,HARD,71,10,9,247516,0,0,0.601164
2P,HARD_vs_NORMAL,325765387,NORMAL,HARD,RED,HARD,72,9,10,288249,0,0,0.648866
2P,HARD_vs_NORMAL,325765387,HARD,NORMAL,GREEN,HARD,72,10,9,289142,0,0,0.631996
2P,HARD_vs_NORMAL,325765387,NORMAL,HARD,GREEN,HARD,71,9,10,247892,0,0,0.594703
2P,HARD_vs_NORMAL,325870116,HARD,NORMAL,RED,HARD,59,10,8,309293,0,0,0.691336
2P,HARD_vs_NORMAL,325870116,NORMAL,HARD,RED,HARD,62,9,10,174641,0,0,0.410007
2P,HARD_vs_NORMAL,325870116,HARD,NORMAL,GREEN,HARD,62,10,9,174918,0,0,0.419811
2P,HARD_vs_NORMAL,325870116,NORMAL,HARD,GREEN,HARD,59,8,10,309208,0,0,0.703246
2P,HARD_vs_NORMAL,325974845,HARD,NORMAL,RED,HARD,57,10,7,141592,0,0,0.327212
2P,HARD_vs_NORMAL,325974845,NORMAL,HARD,RED,HARD,80,9,10,488432,0,0,1.031857
2P,HARD_vs_NORMAL,325974845,HARD,NORMAL,GREEN,HARD,80,10,9,488590,0,0,1.050769
2P,HARD_vs_NORMAL,325974845,NORMAL,HARD,GREEN,HARD,57,7,10,141407,0,0,0.328270
2P,HARD_vs_NORMAL,326079574,HARD,NORMAL,RED,HARD,61,10,8,251390,0,0,0.691377
2P,HARD_vs_NORMAL,326079574,NORMAL,HARD,RED,HARD,68,9,10,266681,0,0,0.615249
2P,HARD_vs_NORMAL,326079574,HARD,NORMAL,GREEN,HARD,68,10,9,266870,0,0,0.627317
2P,HARD_vs_NORMAL,326079574,NORMAL,HARD,GREEN,HARD,61,8,10,251339,0,0,0.662176
2P,HARD_vs_NORMAL,326184303,HARD,NORMAL,RED,HARD,61,10,7,168425,0,0,0.428892
2P,HARD_vs_NORMAL,326184303,NORMAL,HARD,RED,HARD,68,7,10,189312,0,0,0.510925
2P,HARD_vs_NORMAL,326184303,HARD,NORMAL,GREEN,HARD,68,10,7,189465,0,0,0.519385
2P,HARD_vs_NORMAL,326184303,NORMAL,HARD,GREEN,HARD,61,7,10,168255,0,0,0.431261
2P,HARD_vs_NORMAL,326289032,HARD,NORMAL,RED,HARD,71,10,9,247516,0,0,0.614683
2P,HARD_vs_NORMAL,326289032,NORMAL,HARD,RED,HARD,72,9,10,288249,0,0,0.664399
2P,HARD_vs_NORMAL,326289032,HARD,NORMAL,GREEN,HARD,72,10,9,289142,0,0,0.649977
2P,HARD_vs_NORMAL,326289032,NORMAL,HARD,GREEN,HARD,71,9,10,247892,0,0,0.607057
2P,HARD_vs_NORMAL,326393761,HARD,NORMAL,RED,HARD,71,10,9,323263,0,0,0.708721
2P,HARD_vs_NORMAL,326393761,NORMAL,HARD,RED,HARD,68,7,10,302906,0,0,0.763014
2P,HARD_vs_NORMAL,326393761,HARD,NORMAL,GREEN,HARD,68,10,7,302974,0,0,0.735503
2P,HARD_vs_NORMAL,326393761,NORMAL,HARD,GREEN,HARD,71,9,10,323407,0,0,0.691255
2P,HARD_vs_NORMAL,326498490,HARD,NORMAL,RED,HARD,61,10,7,149652,0,0,0.365080
2P,HARD_vs_NORMAL,326498490,NORMAL,HARD,RED,HARD,62,8,10,204921,0,0,0.490544
2P,HARD_vs_NORMAL,326498490,HARD,NORMAL,GREEN,HARD,62,10,8,204924,0,0,0.513720
2P,HARD_vs_NORMAL,326498490,NORMAL,HARD,GREEN,HARD,61,7,10,149646,0,0,0.366521
2P,HARD_vs_NORMAL,326603219,HARD,NORMAL,RED,HARD,59,10,8,309293,0,0,0.714528
2P,HARD_vs_NORMAL,326603219,NORMAL,HARD,RED,HARD,62,9,10,174641,0,0,0.416984
2P,HARD_vs_NORMAL,326603219,HARD,NORMAL,GREEN,HARD,62,10,9,174918,0,0,0.429961
2P,HARD_vs_NORMAL,326603219,NORMAL,HARD,GREEN,HARD,59,8,10,309208,0,0,0.714656
2P,HARD_vs_NORMAL,326707948,HARD,NORMAL,RED,HARD,69,10,9,305247,0,0,0.698621
2P,HARD_vs_NORMAL,326707948,NORMAL,HARD,RED,HARD,66,8,10,341701,0,0,0.874434
2P,HARD_vs_NORMAL,326707948,HARD,NORMAL,GREEN,HARD,66,10,8,341720,0,0,0.887514
2P,HARD_vs_NORMAL,326707948,NORMAL,HARD,GREEN,HARD,69,9,10,305270,0,0,0.700856
2P,HARD_vs_NORMAL,326812677,HARD,NORMAL,RED,HARD,71,10,9,323263,0,0,0.708755
2P,HARD_vs_NORMAL,326812677,NORMAL,HARD,RED,HARD,68,7,10,302906,0,0,0.773986
2P,HARD_vs_NORMAL,326812677,HARD,NORMAL,GREEN,HARD,68,10,7,302974,0,0,0.749783
2P,HARD_vs_NORMAL,326812677,NORMAL,HARD,GREEN,HARD,71,9,10,323407,0,0,0.708966
2P,HARD_vs_NORMAL,326917406,HARD,NORMAL,RED,NORMAL,72,9,10,328791,0,0,0.721149
2P,HARD_vs_NORMAL,326917406,NORMAL,HARD,RED,HARD,74,9,10,369952,0,0,0.877073
2P,HARD_vs_NORMAL,326917406,HARD,NORMAL,GREEN,HARD,74,10,8,370215,0,0,0.878358
2P,HARD_vs_NORMAL,326917406,NORMAL,HARD,GREEN,NORMAL,72,10,9,329374,0,0,0.714820
2P,HARD_vs_NORMAL,327022135,HARD,NORMAL,RED,HARD,63,10,9,247518,0,0,0.595532
2P,HARD_vs_NORMAL,327022135,NORMAL,HARD,RED,HARD,68,7,10,298435,0,0,0.666101
2P,HARD_vs_NORMAL,327022135,HARD,NORMAL,GREEN,HARD,64,10,7,230103,0,0,0.597727
2P,HARD_vs_NORMAL,327022135,NORMAL,HARD,GREEN,HARD,63,9,10,247008,0,0,0.599255
2P,HARD_vs_EASY,324508639,HARD,EASY,RED,HARD,55,10,7,298278,0,0,0.676971
2P,HARD_vs_EASY,324508639,EASY,HARD,RED,HARD,54,7,10,257364,0,0,0.514023
2P,HARD_vs_EASY,324508639,HARD,EASY,GREEN,HARD,50,10,7,211377,0,0,0.407396
2P,HARD_vs_EASY,324508639,EASY,HARD,GREEN,HARD,51,7,10,246146,0,0,0.462081
2P,HARD_vs_EASY,324613368,HARD,EASY,RED,HARD,59,10,7,266774,0,0,0.593613
2P,HARD_vs_EASY,324613368,EASY,HARD,RED,HARD,60,7,10,271385,0,0,0.609784
2P,HARD_vs_EASY,324613368,HARD,EASY,GREEN,HARD,60,10,7,270980,0,0,0.608038
2P,HARD_vs_EASY,324613368,EASY,HARD,GREEN,HARD,53,6,10,179331,0,0,0.401492
2P,HARD_vs_EASY,324718097,HARD,EASY,RED,HARD,67,10,7,304430,0,0,0.683175
2P,HARD_vs_EASY,324718097,EASY,HARD,RED,HARD,54,6,10,182471,0,0,0.411088
2P,HARD_vs_EASY,324718097,HARD,EASY,GREEN,HARD,54,10,6,182407,0,0,0.408038
2P,HARD_vs_EASY,324718097,EASY,HARD,GREEN,HARD,71,8,10,379484,0,0,0.838787
2P,HARD_vs_EASY,324822826,HARD,EASY,RED,HARD,55,10,7,260629,0,0,0.592518
2P,HARD_vs_EASY,324822826,EASY,HARD,RED,HARD,52,8,10,190594,0,0,0.458815
2P,HARD_vs_EASY,324822826,HARD,EASY,GREEN,HARD,52,10,7,190613,0,0,0.460473
2P,HARD_vs_EASY,324822826,EASY,HARD,GREEN,HARD,57,7,10,278897,0,0,0.635767
2P,HARD_vs_EASY,324927555,HARD,EASY,RED,HARD,57,10,7,284232,0,0,0.660758
2P,HARD_vs_EASY,324927555,EASY,HARD,RED,HARD,48,8,10,123736,0,0,0.326725
2P,HARD_vs_EASY,324927555,HARD,EASY,GREEN,HARD,48,10,7,127955,0,0,0.318231
2P,HARD_vs_EASY,324927555,EASY,HARD,GREEN,HARD,59,9,10,307338,0,0,0.713297
2P,HARD_vs_EASY,325032284,HARD,EASY,RED,HARD,63,10,7,315157,0,0,0.635619
2P,HARD_vs_EASY,325032284,EASY,HARD,RED,HARD,58,6,10,307923,0,0,0.627079
2P,HARD_vs_EASY,325032284,HARD,EASY,GREEN,HARD,58,10,6,307991,0,0,0.601545
2P,HARD_vs_EASY,325032284,EASY,HARD,GREEN,HARD,67,8,10,346486,0,0,0.783310
2P,HARD_vs_EASY,325137013,HARD,EASY,RED,HARD,69,10,8,306879,0,0,0.759714
2P,HARD_vs_EASY,325137013,EASY,HARD,RED,HARD,64,9,10,340254,0,0,0.717840
2P,HARD_vs_EASY,325137013,HARD,EASY,GREEN,HARD,64,10,9,339471,0,0,0.731118
2P,HARD_vs_EASY,325137013,EASY,HARD,GREEN,HARD,65,8,10,252063,0,0,0.665542
2P,HARD_vs_EASY,325241742,HARD,EASY,RED,HARD,67,10,7,302328,0,0,0.702310
2P,HARD_vs_EASY,325241742,EASY,HARD,RED,HARD,54,7,10,239743,0,0,0.549483
2P,HARD_vs_EASY,325241742,HARD,EASY,GREEN,HARD,48,10,6,187406,0,0,0.414057
2P,HARD_vs_EASY,325241742,EASY,HARD,GREEN,HARD,67,7,10,301155,0,0,0.677551
2P,HARD_vs_EASY,325346471,HARD,EASY,RED,HARD,69,10,9,363934,0,0,0.888088
2P,HARD_vs_EASY,325346471,EASY,HARD,RED,HARD,48,6,10,164595,0,0,0.386219
2P,HARD_vs_EASY,325346471,HARD,EASY,GREEN,HARD,48,10,6,164579,0,0,0.377037
2P,HARD_vs_EASY,325346471,EASY,HARD,GREEN,HARD,67,8,10,283014,0,0,0.648802
2P,HARD_vs_EASY,325451200,HARD,EASY,RED,HARD,57,10,8,223296,0,0,0.538475
2P,HARD_vs_EASY,325451200,EASY,HARD,RED,HARD,52,7,10,147877,0,0,0.344839
2P,HARD_vs_EASY,325451200,HARD,EASY,GREEN,HARD,64,10,8,309218,0,0,0.630734
2P,HARD_vs_EASY,325451200,EASY,HARD,GREEN,HARD,57,8,10,222933,0,0,0.539798
2P,HARD_vs_EASY,325555929,HARD,EASY,RED,HARD,53,10,7,234812,0,0,0.570106
2P,HARD_vs_EASY,325555929,EASY,HARD,RED,HARD,54,7,10,223198,0,0,0.494837
2P,HARD_vs_EASY,325555929,HARD,EASY,GREEN,HARD,56,10,9,280651,0,0,0.671398
2P,HARD_vs_EASY,325555929,EASY,HARD,GREEN,HARD,57,8,10,281279,0,0,0.637013
2P,HARD_vs_EASY,325660658,HARD,EASY,RED,HARD,55,10,7,189906,0,0,0.489602
2P,HARD_vs_EASY,325660658,EASY,HARD,RED,HARD,58,8,10,240946,0,0,0.553337
2P,HARD_vs_EASY,325660658,HARD,EASY,GREEN,HARD,58,10,7,240957,0,0,0.555459
2P,HARD_vs_EASY,325660658,EASY,HARD,GREEN,HARD,55,7,10,189558,0,0,0.501911
2P,HARD_vs_EASY,325765387,HARD,EASY,RED,HARD,51,10,6,152244,0,0,0.365865
2P,HARD_vs_EASY,325765387,EASY,HARD,RED,HARD,60,8,10,284709,0,0,0.640419
2P,HARD_vs_EASY,325765387,HARD,EASY,GREEN,HARD,60,10,8,284847,0,0,0.630261
2P,HARD_vs_EASY,325765387,EASY,HARD,GREEN,HARD,51,6,10,152097,0,0,0.375772
2P,HARD_vs_EASY,325870116,HARD,EASY,RED,HARD,45,10,7,179829,0,0,0.472844
2P,HARD_vs_EASY,325870116,EASY,HARD,RED,HARD,54,8,10,218289,0,0,0.564056
2P,HARD_vs_EASY,325870116,HARD,EASY,GREEN,HARD,58,10,8,305670,0,0,0.714260
2P,HARD_vs_EASY,325870116,EASY,HARD,GREEN,HARD,45,7,10,179793,0,0,0.450388
2P,HARD_vs_EASY,325974845,HARD,EASY,RED,HARD,47,10,7,142014,0,0,0.338626
2P,HARD_vs_EASY,325974845,EASY,HARD,RED,HARD,56,8,10,262603,0,0,0.619029
2P,HARD_vs_EASY,325974845,HARD,EASY,GREEN,HARD,56,10,8,262567,0,0,0.615388
2P,HARD_vs_EASY,325974845,EASY,HARD,GREEN,HARD,47,7,10,141942,0,0,0.342782
2P,HARD_vs_EASY,326079574,HARD,EASY,RED,HARD,51,10,7,190145,0,0,0.486981
2P,HARD_vs_EASY,326079574,EASY,HARD,RED,HARD,64,8,10,294751,0,0,0.614701
2P,HARD_vs_EASY,326079574,HARD,EASY,GREEN,HARD,64,10,7,296701,0,0,0.625100
2P,HARD_vs_EASY,326079574,EASY,HARD,GREEN,HARD,51,7,10,190117,0,0,0.502616
2P,HARD_vs_EASY,326184303,HARD,EASY,RED,HARD,51,10,7,170284,0,0,0.408255
2P,HARD_vs_EASY,326184303,EASY,HARD,RED,HARD,60,8,10,265760,0,0,0.625834
2P,HARD_vs_EASY,326184303,HARD,EASY,GREEN,HARD,56,10,8,237792,0,0,0.598728
2P,HARD_vs_EASY,326184303,EASY,HARD,GREEN,HARD,51,7,10,170201,0,0,0.405946
2P,HARD_vs_EASY,326289032,HARD,EASY,RED,HARD,59,10,9,270354,0,0,0.622161
2P,HARD_vs_EASY,326289032,EASY,HARD,RED,HARD,60,7,10,267878,0,0,0.614464
2P,HARD_vs_EASY,326289032,HARD,EASY,GREEN,HARD,60,10,7,267894,0,0,0.620588
2P,HARD_vs_EASY,326289032,EASY,HARD,GREEN,HARD,55,9,10,185363,0,0,0.503299
2P,HARD_vs_EASY,326393761,HARD,EASY,RED,HARD,61,10,8,266985,0,0,0.622313
2P,HARD_vs_EASY,326393761,EASY,HARD,RED,HARD,60,8,10,351226,0,0,0.841849
2P,HARD_vs_EASY,326393761,HARD,EASY,GREEN,HARD,54,10,8,279959,0,0,0.746617
2P,HARD_vs_EASY,326393761,EASY,HARD,GREEN,HARD,63,8,10,312159,0,0,0.735126
2P,HARD_vs_EASY,326498490,HARD,EASY,RED,HARD,61,10,7,312063,0,0,0.749483
2P,HARD_vs_EASY,326498490,EASY,HARD,RED,HARD,52,7,10,272022,0,0,0.708955
2P,HARD_vs_EASY,326498490,HARD,EASY,GREEN,HARD,50,10,7,235887,0,0,0.575215
2P,HARD_vs_EASY,326498490,EASY,HARD,GREEN,HARD,61,8,10,308223,0,0,0.678424
2P,HARD_vs_EASY,326603219,HARD,EASY,RED,HARD,53,10,8,233848,0,0,0.597894
2P,HARD_vs_EASY,326603219,EASY,HARD,RED,HARD,44,8,10,140829,0,0,0.357348
2P,HARD_vs_EASY,326603219,HARD,EASY,GREEN,HARD,54,10,7,256289,0,0,0.619244
2P,HARD_vs_EASY,326603219,EASY,HARD,GREEN,HARD,61,9,10,325237,0,0,0.790982
2P,HARD_vs_EASY,326707948,HARD,EASY,RED,HARD,77,10,9,436054,0,0,1.133596
2P,HARD_vs_EASY,326707948,EASY,HARD,RED,HARD,46,5,10,154043,0,0,0.384464
2P,HARD_vs_EASY,326707948,HARD,EASY,GREEN,HARD,52,10,7,195624,0,0,0.473402
2P,HARD_vs_EASY,326707948,EASY,HARD,GREEN,HARD,77,9,10,436128,0,0,1.076646
2P,HARD_vs_EASY,326812677,HARD,EASY,RED,HARD,61,10,8,223869,0,0,0.520785
2P,HARD_vs_EASY,326812677,EASY,HARD,RED,HARD,60,8,10,287236,0,0,0.686059
2P,HARD_vs_EASY,326812677,HARD,EASY,GREEN,HARD,60,10,9,285118,0,0,0.648453
2P,HARD_vs_EASY,326812677,EASY,HARD,GREEN,HARD,61,8,10,221812,0,0,0.508366
2P,HARD_vs_EASY,326917406,HARD,EASY,RED,HARD,63,10,7,257199,0,0,0.664358
2P,HARD_vs_EASY,326917406,EASY,HARD,RED,HARD,56,6,10,244778,0,0,0.612897
2P,HARD_vs_EASY,326917406,HARD,EASY,GREEN,HARD,56,10,6,244885,0,0,0.595763
2P,HARD_vs_EASY,326917406,EASY,HARD,GREEN,HARD,63,8,10,253308,0,0,0.656269
2P,HARD_vs_EASY,327022135,HARD,EASY,RED,HARD,59,10,7,304462,0,0,0.674899
2P,HARD_vs_EASY,327022135,EASY,HARD,RED,HARD,48,8,10,197017,0,0,0.478673
2P,HARD_vs_EASY,327022135,HARD,EASY,GREEN,HARD,48,10,8,197035,0,0,0.492146
2P,HARD_vs_EASY,327022135,EASY,HARD,GREEN,HARD,65,8,10,362110,0,0,0.825970
