mode,position,category,board_hash,current,level,from,to,type,hops,next_rng,legal_moves,nodes,depth,beam,host_seconds
2P,0,opening_green,7c815b59c91da0f3,3,EASY,12,21,0,1,270369,18,18,1,2,0.000011
2P,0,opening_green,7c815b59c91da0f3,3,HARD,12,21,0,1,1,18,1320,4,16,0.001619
2P,1,reachable_middle,d3b5eff357030ab5,3,EASY,38,51,1,3,44632818,74,74,1,1,0.000016
2P,1,reachable_middle,d3b5eff357030ab5,3,HARD,38,51,1,3,3652395599,74,2704,4,16,0.006677
2P,2,goal_congestion,909cbb5b18fb9649,3,EASY,34,51,1,1,270369,12,12,1,1,0.000004
2P,2,goal_congestion,909cbb5b18fb9649,3,HARD,34,51,1,1,1,12,1197,4,16,0.002005
2P,3,long_jump,eda893bd0c26b4b1,3,EASY,66,41,1,5,270369,32,32,1,1,0.000011
2P,3,long_jump,eda893bd0c26b4b1,3,HARD,66,41,1,5,1,32,2135,4,16,0.004107
2P,4,near_win,ab5a9114fd690ddb,3,EASY,34,33,0,1,270369,23,23,1,1,0.000005
2P,4,near_win,ab5a9114fd690ddb,3,HARD,34,33,0,1,1,23,23,1,16,0.000008
2P,5,central_blocking,93f55defb36103c7,3,EASY,35,33,1,1,270369,26,26,1,3,0.000008
2P,5,central_blocking,93f55defb36103c7,3,HARD,35,50,1,1,1,26,2218,4,16,0.006006
2P,6,defensive_threat,ab5a9114fd690dda,1,EASY,43,10,1,2,270369,47,47,1,2,0.000015
2P,6,defensive_threat,ab5a9114fd690dda,1,HARD,43,10,1,2,1,47,539,4,16,0.000590
2P,7,opening_red,7c815b59c91da0f3,1,EASY,60,51,0,1,6218454,18,18,1,2,0.000006
2P,7,opening_red,7c815b59c91da0f3,1,HARD,60,51,0,1,23,18,1320,4,16,0.001617
2P,8,early_middle_s19_r2,05b3e32d3fec279d,3,EASY,32,28,1,2,3399913134,39,39,1,3,0.000009
2P,8,early_middle_s19_r2,05b3e32d3fec279d,3,HARD,22,52,1,3,1657321875,39,2720,4,16,0.006121
2P,9,early_middle_s19_r4,15f2bb7354f51f93,3,EASY,23,36,1,2,282010943,45,45,1,2,0.000012
2P,9,early_middle_s19_r4,15f2bb7354f51f93,3,HARD,23,19,1,3,2376481719,45,2364,4,16,0.006579
2P,10,central_race_s19_r6,1fe69a86855f6eb5,3,EASY,39,50,1,5,1341805034,66,66,1,1,0.000017
2P,10,central_race_s19_r6,1fe69a86855f6eb5,3,HARD,39,50,1,5,2358098299,66,2141,4,16,0.006016
2P,11,central_race_s19_r8,39fecb31d2d45f17,3,EASY,30,42,1,2,2841029935,65,65,1,1,0.000017
2P,11,central_race_s19_r8,39fecb31d2d45f17,3,HARD,50,41,0,1,1442624871,65,3006,4,16,0.008304
2P,12,central_race_s19_r10,14ae9b6b5b486965,3,EASY,36,49,1,3,707546966,64,64,1,1,0.000014
2P,12,central_race_s19_r10,14ae9b6b5b486965,3,HARD,36,49,1,3,2716077503,64,2137,4,16,0.007051
2P,13,goal_entry_s19_r12,fdac394e0041ded9,3,EASY,31,38,0,1,612216823,61,61,1,3,0.000012
2P,13,goal_entry_s19_r12,fdac394e0041ded9,3,HARD,35,42,0,1,2078343401,61,3833,4,16,0.007364
2P,14,goal_entry_s19_r16,1af90dcda723fcaf,3,EASY,38,37,0,1,2686633513,56,56,1,3,0.000013
2P,14,goal_entry_s19_r16,1af90dcda723fcaf,3,HARD,35,34,0,1,331970938,56,4512,4,16,0.007788
2P,15,goal_entry_s19_r20,8e5b6b2b09a19f27,3,EASY,34,33,0,1,467123586,41,41,1,1,0.000010
2P,15,goal_entry_s19_r20,8e5b6b2b09a19f27,3,HARD,34,33,0,1,844921689,41,2699,4,16,0.004322
2P,16,early_middle_s71_r2,05b3e32d3fec279d,3,EASY,22,52,1,3,36738329,39,39,1,3,0.000013
2P,16,early_middle_s71_r2,05b3e32d3fec279d,3,HARD,22,52,1,3,2346395020,39,2720,4,16,0.006075
2P,17,early_middle_s71_r4,347740912640e9d5,3,EASY,32,28,1,2,3539290086,45,45,1,1,0.000013
2P,17,early_middle_s71_r4,347740912640e9d5,3,HARD,23,38,1,1,3627583310,45,2996,4,16,0.007874
2P,18,central_race_s71_r6,71bc362598eccc65,3,EASY,15,30,1,2,1471409863,78,78,1,3,0.000017
2P,18,central_race_s71_r6,71bc362598eccc65,3,HARD,21,36,1,2,3180607380,78,3261,4,16,0.009340
2P,19,central_race_s71_r8,f2e605e63e6bdfc3,3,EASY,39,67,1,4,566869710,66,66,1,1,0.000017
2P,19,central_race_s71_r8,f2e605e63e6bdfc3,3,HARD,39,67,1,4,1736161231,66,2137,4,16,0.006224
2P,20,central_race_s71_r10,32a160f5af30622b,3,EASY,13,9,1,2,3193020896,62,62,1,3,0.000015
2P,20,central_race_s71_r10,32a160f5af30622b,3,HARD,13,23,0,1,3631162345,62,4130,4,16,0.010866
2P,21,goal_entry_s71_r12,62439af130b740d3,3,EASY,9,18,0,1,1669656963,54,54,1,1,0.000013
2P,21,goal_entry_s71_r12,62439af130b740d3,3,HARD,21,20,0,1,3522412277,54,4383,4,16,0.011662
2P,22,goal_entry_s71_r16,86f222b4d13eea4b,3,EASY,21,29,0,1,258431188,56,56,1,3,0.000013
2P,22,goal_entry_s71_r16,86f222b4d13eea4b,3,HARD,50,49,0,1,2197006774,56,3412,4,16,0.006070
2P,23,goal_entry_s71_r20,21bb51adfa688d23,3,EASY,24,23,0,1,3809136164,52,52,1,3,0.000011
2P,23,goal_entry_s71_r20,21bb51adfa688d23,3,HARD,60,58,1,1,2972625080,52,2735,4,16,0.004231
2P,24,early_middle_s991_r2,238023caebd094f3,3,EASY,32,42,1,3,1266985882,39,39,1,2,0.000011
2P,24,early_middle_s991_r2,238023caebd094f3,3,HARD,13,42,1,3,3973376051,39,2130,4,16,0.005312
2P,25,early_middle_s991_r4,1278d1a167854281,3,EASY,12,21,0,1,1554021539,35,35,1,2,0.000010
2P,25,early_middle_s991_r4,1278d1a167854281,3,HARD,50,41,0,1,3491191133,35,2959,4,16,0.007816
2P,26,central_race_s991_r6,2911b1158c1e4f7d,3,EASY,13,59,1,4,243964328,62,62,1,1,0.000014
2P,26,central_race_s991_r6,2911b1158c1e4f7d,3,HARD,13,59,1,4,1631622493,62,2167,4,16,0.007213
2P,27,central_race_s991_r8,e88d587ed575aea9,3,EASY,22,33,1,3,671899812,79,79,1,1,0.000017
2P,27,central_race_s991_r8,e88d587ed575aea9,3,HARD,22,33,1,3,3224719660,79,2483,4,16,0.008776
2P,28,central_race_s991_r10,02b9f2107c0e9c79,3,EASY,23,17,1,4,3734530289,78,78,1,3,0.000017
2P,28,central_race_s991_r10,02b9f2107c0e9c79,3,HARD,23,17,1,4,1280428158,78,3365,4,16,0.009408
2P,29,goal_entry_s991_r12,433a86f7a5127b11,3,EASY,33,40,0,1,991278739,68,68,1,3,0.000012
2P,29,goal_entry_s991_r12,433a86f7a5127b11,3,HARD,31,38,0,1,2276386163,68,4449,4,16,0.010736
2P,30,goal_entry_s991_r16,ac957a0443ea562d,3,EASY,37,35,1,2,108744915,55,55,1,2,0.000013
2P,30,goal_entry_s991_r16,ac957a0443ea562d,3,HARD,50,48,1,1,1101870390,55,5187,4,16,0.010545
2P,31,goal_entry_s991_r20,7952715759cc9669,3,EASY,51,50,0,1,167800874,49,49,1,1,0.000009
2P,31,goal_entry_s991_r20,7952715759cc9669,3,HARD,51,50,0,1,2290184151,49,4280,4,16,0.005404
3P,0,opening_green,964f7f942e8d2e2b,3,EASY,12,21,0,1,67634689,18,18,1,2,0.000007
3P,0,opening_green,964f7f942e8d2e2b,3,HARD,12,21,0,1,270369,18,2214,3,10,0.001276
3P,1,reachable_middle,7f5c5a29e7b5b2cb,3,EASY,31,30,0,1,1149571554,68,68,1,3,0.000016
3P,1,reachable_middle,7f5c5a29e7b5b2cb,3,HARD,21,19,1,1,3475959034,68,3936,3,10,0.004119
3P,2,goal_congestion,030cd59d9e929b95,3,EASY,50,67,1,1,67634689,2,2,1,1,0.000002
3P,2,goal_congestion,030cd59d9e929b95,3,HARD,50,67,1,1,270369,2,246,3,10,0.000195
3P,3,long_jump,b50a13984018ef75,3,EASY,66,41,1,5,67634689,29,29,1,1,0.000008
3P,3,long_jump,b50a13984018ef75,3,HARD,66,41,1,5,270369,29,3567,3,10,0.002576
3P,4,near_win,9446e5cf694e2d7f,3,EASY,34,33,0,1,67634689,10,10,1,1,0.000003
3P,4,near_win,9446e5cf694e2d7f,3,HARD,34,33,0,1,270369,10,10,1,10,0.000008
3P,5,central_blocking,ca67770204f7faab,3,EASY,43,60,1,1,67634689,13,13,1,1,0.000005
3P,5,central_blocking,ca67770204f7faab,3,HARD,43,60,1,1,270369,13,1599,3,10,0.001457
3P,6,defensive_threat,9446e5cf694e2d7e,1,EASY,35,3,1,2,67634689,23,23,1,1,0.000008
3P,6,defensive_threat,9446e5cf694e2d7e,1,HARD,35,33,1,1,270369,23,2825,3,10,0.001432
3P,7,opening_red,964f7f942e8d2e2b,1,EASY,60,51,0,1,1552799316,18,18,1,2,0.000007
3P,7,opening_red,964f7f942e8d2e2b,1,HARD,60,51,0,1,6218454,18,2214,3,10,0.001407
3P,8,early_middle_s19_r2,e93d057b043baa79,2,EASY,8,45,1,3,2376481719,41,41,1,2,0.000012
3P,8,early_middle_s19_r2,e93d057b043baa79,2,HARD,8,45,1,3,899474885,41,3936,3,10,0.003485
3P,9,early_middle_s19_r4,166cdbf5f114f515,2,EASY,26,46,1,5,3173347881,71,71,1,1,0.000017
3P,9,early_middle_s19_r4,166cdbf5f114f515,2,HARD,26,46,1,5,1341805034,71,3936,3,10,0.004108
3P,10,central_race_s19_r6,a1adbdeea39512ab,2,EASY,7,32,1,5,2716077503,73,73,1,1,0.000017
3P,10,central_race_s19_r6,a1adbdeea39512ab,2,HARD,7,32,1,5,1951453537,73,3936,3,10,0.003982
3P,11,central_race_s19_r8,7b240b0f5b24b795,2,EASY,25,47,1,6,2716066294,80,80,1,2,0.000018
3P,11,central_race_s19_r8,7b240b0f5b24b795,2,HARD,25,64,1,8,612216823,80,3936,3,10,0.003589
3P,12,central_race_s19_r10,e2350690d8fe045b,2,EASY,29,64,1,3,331970938,62,62,1,1,0.000016
3P,12,central_race_s19_r10,e2350690d8fe045b,2,HARD,29,64,1,3,316151349,62,3936,3,10,0.003609
3P,13,goal_entry_s19_r12,5740ec7bd15977d5,2,EASY,19,28,0,1,2899519094,67,67,1,3,0.000015
3P,13,goal_entry_s19_r12,5740ec7bd15977d5,2,HARD,39,56,1,1,2051326348,67,3936,3,10,0.003702
3P,14,goal_entry_s19_r16,49fd73eb4b46262d,2,EASY,34,36,1,1,3168530037,42,42,1,1,0.000010
3P,14,goal_entry_s19_r16,49fd73eb4b46262d,2,HARD,34,36,1,1,4022922735,42,3936,3,10,0.002631
3P,15,goal_entry_s19_r20,aa39d8b245caed8d,2,EASY,44,53,0,1,70708068,45,45,1,3,0.000009
3P,15,goal_entry_s19_r20,aa39d8b245caed8d,2,HARD,19,28,0,1,761527998,45,3936,3,10,0.002130
3P,16,early_middle_s71_r2,f136a0aac68fbdcf,3,EASY,13,42,1,3,3627583310,42,42,1,3,0.000012
3P,16,early_middle_s71_r2,f136a0aac68fbdcf,3,HARD,13,42,1,3,2177154487,42,3936,3,10,0.003339
3P,17,early_middle_s71_r4,decb427667e6004f,3,EASY,42,59,1,1,1728603570,60,60,1,3,0.000015
3P,17,early_middle_s71_r4,decb427667e6004f,3,HARD,42,59,1,1,1471409863,60,3936,3,10,0.003963
3P,18,central_race_s71_r6,6f950935893e8155,3,EASY,32,26,1,4,3631162345,64,64,1,1,0.000016
3P,18,central_race_s71_r6,6f950935893e8155,3,HARD,32,26,1,4,3128914169,64,3936,3,10,0.004604
3P,19,central_race_s71_r8,bcf8213e0555e25d,3,EASY,12,60,1,4,1260979321,101,101,1,3,0.000021
3P,19,central_race_s71_r8,bcf8213e0555e25d,3,HARD,12,60,1,4,1669656963,101,3936,3,10,0.004123
3P,20,central_race_s71_r10,9a112a6ddc91bcff,3,EASY,26,33,0,1,2197006774,62,62,1,2,0.000014
3P,20,central_race_s71_r10,9a112a6ddc91bcff,3,HARD,42,41,0,1,1047297979,62,3936,3,10,0.003831
3P,21,goal_entry_s71_r12,12084b1ab46855c1,3,EASY,37,67,1,5,3378665754,77,77,1,2,0.000019
3P,21,goal_entry_s71_r12,12084b1ab46855c1,3,HARD,37,67,1,5,3380437226,77,3936,3,10,0.004048
3P,22,goal_entry_s71_r16,373cefaae50e3a6d,3,EASY,31,43,1,2,659448364,58,58,1,1,0.000013
3P,22,goal_entry_s71_r16,373cefaae50e3a6d,3,HARD,31,43,1,2,769952194,58,3936,3,10,0.003003
3P,23,goal_entry_s71_r20,fa8788b469bd1a49,3,EASY,62,61,0,1,3172338861,40,40,1,3,0.000008
3P,23,goal_entry_s71_r20,fa8788b469bd1a49,3,HARD,38,37,0,1,500458940,40,3936,3,10,0.002513
3P,24,early_middle_s991_r2,66776383bb88a287,2,EASY,8,29,1,2,3491191133,37,37,1,2,0.000011
3P,24,early_middle_s991_r2,66776383bb88a287,2,HARD,25,29,1,2,2163630222,37,3936,3,10,0.003204
3P,25,early_middle_s991_r4,4b9e84c6f6a6ca09,2,EASY,16,54,1,5,3930675607,60,60,1,2,0.000017
3P,25,early_middle_s991_r4,4b9e84c6f6a6ca09,2,HARD,16,54,1,5,243964328,60,3936,3,10,0.003303
3P,26,central_race_s991_r6,823064a47118c709,2,EASY,26,46,1,3,1280428158,62,62,1,1,0.000017
3P,26,central_race_s991_r6,823064a47118c709,2,HARD,26,46,1,3,2223558901,62,3936,3,10,0.004405
3P,27,central_race_s991_r8,ad74dd6536172853,2,EASY,29,64,1,2,892706416,61,61,1,2,0.000015
3P,27,central_race_s991_r8,ad74dd6536172853,2,HARD,29,47,1,2,991278739,61,3936,3,10,0.003902
3P,28,central_race_s991_r10,860c903c0f701ae1,2,EASY,25,47,1,5,1101870390,66,66,1,1,0.000015
3P,28,central_race_s991_r10,860c903c0f701ae1,2,HARD,25,47,1,5,4060658020,66,3936,3,10,0.003508
3P,29,goal_entry_s991_r12,02f563b5cce54051,2,EASY,46,55,0,1,1537901152,56,56,1,3,0.000012
3P,29,goal_entry_s991_r12,02f563b5cce54051,2,HARD,39,56,1,1,1278443393,56,3936,3,10,0.003051
3P,30,goal_entry_s991_r16,856b0282627585ab,2,EASY,30,65,1,3,1146335090,64,64,1,1,0.000015
3P,30,goal_entry_s991_r16,856b0282627585ab,2,HARD,30,65,1,3,1432652595,64,3936,3,10,0.003026
3P,31,goal_entry_s991_r20,858f2f43a751148d,2,EASY,18,27,0,1,3106694159,43,43,1,3,0.000010
3P,31,goal_entry_s991_r20,858f2f43a751148d,2,HARD,18,27,0,1,1390844172,43,3936,3,10,0.002512
