mode,position,category,current,level,from,to,reference_best,reference_choice,regret,select_nodes,select_depth,select_host_seconds,reference_nodes,reference_host_seconds
2P,0,opening_green,3,EASY,12,21,406,406,0,18,1,0.000009,25733,0.051741
2P,0,opening_green,3,NORMAL,12,21,406,406,0,61,2,0.000086,25733,0.051741
2P,0,opening_green,3,HARD,12,21,406,406,0,1320,4,0.002204,25733,0.051741
2P,1,reachable_middle,3,EASY,38,51,-866,-877,11,74,1,0.000018,145372,0.402178
2P,1,reachable_middle,3,NORMAL,38,51,-866,-877,11,79,2,0.000212,145372,0.402178
2P,1,reachable_middle,3,HARD,38,51,-866,-877,11,2704,4,0.007902,145372,0.402178
2P,2,goal_congestion,3,EASY,34,51,4741,4713,28,12,1,0.000006,20098,0.030186
2P,2,goal_congestion,3,NORMAL,34,51,4741,4713,28,43,2,0.000086,20098,0.030186
2P,2,goal_congestion,3,HARD,34,51,4741,4713,28,1197,4,0.002101,20098,0.030186
2P,3,long_jump,3,EASY,66,41,583,583,0,32,1,0.000009,56752,0.093323
2P,3,long_jump,3,NORMAL,66,41,583,583,0,79,2,0.000143,56752,0.093323
2P,3,long_jump,3,HARD,66,41,583,583,0,2135,4,0.004030,56752,0.093323
2P,4,near_win,3,EASY,34,33,1000000,1000000,0,23,1,0.000006,26888,0.032829
2P,4,near_win,3,NORMAL,34,33,1000000,1000000,0,23,1,0.000010,26888,0.032829
2P,4,near_win,3,HARD,34,33,1000000,1000000,0,23,1,0.000007,26888,0.032829
2P,5,central_blocking,3,EASY,35,33,704,530,174,26,1,0.000008,41548,0.123308
2P,5,central_blocking,3,NORMAL,35,33,704,530,174,79,2,0.000204,41548,0.123308
2P,5,central_blocking,3,HARD,35,50,704,704,0,2218,4,0.005672,41548,0.123308
2P,6,defensive_threat,1,EASY,43,10,-3987,-1000000,996013,47,1,0.000015,39037,0.143027
2P,6,defensive_threat,1,NORMAL,43,10,-3987,-1000000,996013,79,2,0.000083,39037,0.143027
2P,6,defensive_threat,1,HARD,35,33,-3987,-3987,0,632,4,0.000740,39037,0.143027
2P,7,opening_red,1,EASY,60,51,406,406,0,18,1,0.000008,25817,0.043549
2P,7,opening_red,1,NORMAL,60,51,406,406,0,61,2,0.000062,25817,0.043549
2P,7,opening_red,1,HARD,60,51,406,406,0,1320,4,0.001642,25817,0.043549
2P,8,early_middle_s19_r2,3,EASY,32,28,588,94,494,39,1,0.000010,69331,0.162904
2P,8,early_middle_s19_r2,3,NORMAL,22,52,588,588,0,86,2,0.000156,69331,0.162904
2P,8,early_middle_s19_r2,3,HARD,22,52,588,588,0,2720,4,0.005977,69331,0.162904
2P,9,early_middle_s19_r4,3,EASY,23,36,3,3,0,45,1,0.000011,99458,0.233463
2P,9,early_middle_s19_r4,3,NORMAL,23,19,3,-52,55,79,2,0.000199,99458,0.233463
2P,9,early_middle_s19_r4,3,HARD,23,19,3,-52,55,2364,4,0.006841,99458,0.233463
2P,10,central_race_s19_r6,3,EASY,39,50,457,457,0,66,1,0.000015,147642,0.395683
2P,10,central_race_s19_r6,3,NORMAL,39,50,457,457,0,79,2,0.000210,147642,0.395683
2P,10,central_race_s19_r6,3,HARD,39,50,457,457,0,2141,4,0.006050,147642,0.395683
2P,11,central_race_s19_r8,3,EASY,30,42,661,591,70,65,1,0.000014,134601,0.353910
2P,11,central_race_s19_r8,3,NORMAL,29,43,661,411,250,86,2,0.000196,134601,0.353910
2P,11,central_race_s19_r8,3,HARD,50,41,661,661,0,3006,4,0.008109,134601,0.353910
2P,12,central_race_s19_r10,3,EASY,36,49,203,203,0,64,1,0.000017,105770,0.281810
2P,12,central_race_s19_r10,3,NORMAL,36,49,203,203,0,79,2,0.000264,105770,0.281810
2P,12,central_race_s19_r10,3,HARD,36,49,203,203,0,2137,4,0.006431,105770,0.281810
2P,13,goal_entry_s19_r12,3,EASY,31,38,153,33,120,61,1,0.000014,155305,0.350095
2P,13,goal_entry_s19_r12,3,NORMAL,31,38,153,33,120,79,2,0.000238,155305,0.350095
2P,13,goal_entry_s19_r12,3,HARD,35,42,153,26,127,3833,4,0.007290,155305,0.350095
2P,14,goal_entry_s19_r16,3,EASY,38,37,-79,-210,131,56,1,0.000011,151415,0.258987
2P,14,goal_entry_s19_r16,3,NORMAL,13,22,-79,-162,83,79,2,0.000156,151415,0.258987
2P,14,goal_entry_s19_r16,3,HARD,35,34,-79,-132,53,4512,4,0.007576,151415,0.258987
2P,15,goal_entry_s19_r20,3,EASY,34,33,290,279,11,41,1,0.000010,84332,0.106371
2P,15,goal_entry_s19_r20,3,NORMAL,34,33,290,279,11,79,2,0.000123,84332,0.106371
2P,15,goal_entry_s19_r20,3,HARD,34,33,290,279,11,2699,4,0.004315,84332,0.106371
2P,16,early_middle_s71_r2,3,EASY,22,52,588,588,0,39,1,0.000012,69331,0.161162
2P,16,early_middle_s71_r2,3,NORMAL,22,52,588,588,0,86,2,0.000159,69331,0.161162
2P,16,early_middle_s71_r2,3,HARD,22,52,588,588,0,2720,4,0.006016,69331,0.161162
2P,17,early_middle_s71_r4,3,EASY,32,28,348,348,0,45,1,0.000010,81747,0.219602
2P,17,early_middle_s71_r4,3,NORMAL,32,28,348,348,0,79,2,0.000204,81747,0.219602
2P,17,early_middle_s71_r4,3,HARD,23,38,348,278,70,2996,4,0.007711,81747,0.219602
2P,18,central_race_s71_r6,3,EASY,15,30,-366,-608,242,78,1,0.000017,121236,0.414329
2P,18,central_race_s71_r6,3,NORMAL,21,19,-366,-408,42,93,2,0.000282,121236,0.414329
2P,18,central_race_s71_r6,3,HARD,21,36,-366,-366,0,3261,4,0.009258,121236,0.414329
2P,19,central_race_s71_r8,3,EASY,39,67,-664,-664,0,66,1,0.000015,117232,0.340125
2P,19,central_race_s71_r8,3,NORMAL,39,67,-664,-664,0,79,2,0.000229,117232,0.340125
2P,19,central_race_s71_r8,3,HARD,39,67,-664,-664,0,2137,4,0.006149,117232,0.340125
2P,20,central_race_s71_r10,3,EASY,13,9,-151,-683,532,62,1,0.000014,149161,0.399413
2P,20,central_race_s71_r10,3,NORMAL,13,9,-151,-683,532,79,2,0.000218,149161,0.399413
2P,20,central_race_s71_r10,3,HARD,13,23,-151,-438,287,4130,4,0.010477,149161,0.399413
2P,21,goal_entry_s71_r12,3,EASY,9,18,-94,-342,248,54,1,0.000012,151452,0.374474
2P,21,goal_entry_s71_r12,3,NORMAL,9,8,-94,-467,373,86,2,0.000228,151452,0.374474
2P,21,goal_entry_s71_r12,3,HARD,21,20,-94,-94,0,4383,4,0.011637,151452,0.374474
2P,22,goal_entry_s71_r16,3,EASY,21,29,-243,-406,163,56,1,0.000015,125270,0.298916
2P,22,goal_entry_s71_r16,3,NORMAL,21,29,-243,-406,163,79,2,0.000186,125270,0.298916
2P,22,goal_entry_s71_r16,3,HARD,50,49,-243,-261,18,3412,4,0.006711,125270,0.298916
2P,23,goal_entry_s71_r20,3,EASY,24,23,-270,-274,4,52,1,0.000013,107435,0.195965
2P,23,goal_entry_s71_r20,3,NORMAL,18,26,-270,-270,0,86,2,0.000147,107435,0.195965
2P,23,goal_entry_s71_r20,3,HARD,60,58,-270,-270,0,2735,4,0.004741,107435,0.195965
2P,24,early_middle_s991_r2,3,EASY,32,42,754,654,100,39,1,0.000012,79247,0.172203
2P,24,early_middle_s991_r2,3,NORMAL,13,42,754,754,0,79,2,0.000158,79247,0.172203
2P,24,early_middle_s991_r2,3,HARD,13,42,754,754,0,2130,4,0.005275,79247,0.172203
2P,25,early_middle_s991_r4,3,EASY,12,21,465,305,160,35,1,0.000009,75472,0.156408
2P,25,early_middle_s991_r4,3,NORMAL,38,34,465,465,0,79,2,0.000230,75472,0.156408
2P,25,early_middle_s991_r4,3,HARD,50,41,465,314,151,2959,4,0.007758,75472,0.156408
2P,26,central_race_s991_r6,3,EASY,13,59,691,691,0,62,1,0.000016,144673,0.380133
2P,26,central_race_s991_r6,3,NORMAL,13,59,691,691,0,79,2,0.000262,144673,0.380133
2P,26,central_race_s991_r6,3,HARD,13,59,691,691,0,2167,4,0.007270,144673,0.380133
2P,27,central_race_s991_r8,3,EASY,22,33,941,941,0,79,1,0.000020,172153,0.501685
2P,27,central_race_s991_r8,3,NORMAL,22,33,941,941,0,79,2,0.000288,172153,0.501685
2P,27,central_race_s991_r8,3,HARD,22,33,941,941,0,2483,4,0.008510,172153,0.501685
2P,28,central_race_s991_r10,3,EASY,23,17,920,876,44,78,1,0.000017,199989,0.487313
2P,28,central_race_s991_r10,3,NORMAL,23,17,920,876,44,79,2,0.000245,199989,0.487313
2P,28,central_race_s991_r10,3,HARD,23,17,920,876,44,3365,4,0.009571,199989,0.487313
2P,29,goal_entry_s991_r12,3,EASY,33,40,766,423,343,68,1,0.000013,178657,0.376960
2P,29,goal_entry_s991_r12,3,NORMAL,33,40,766,423,343,79,2,0.000210,178657,0.376960
2P,29,goal_entry_s991_r12,3,HARD,31,38,766,674,92,4449,4,0.010480,178657,0.376960
2P,30,goal_entry_s991_r16,3,EASY,37,35,945,945,0,55,1,0.000012,155421,0.261943
2P,30,goal_entry_s991_r16,3,NORMAL,37,52,945,898,47,86,2,0.000191,155421,0.261943
2P,30,goal_entry_s991_r16,3,HARD,50,48,945,772,173,5187,4,0.010302,155421,0.261943
2P,31,goal_entry_s991_r20,3,EASY,51,50,474,447,27,49,1,0.000011,95022,0.128488
2P,31,goal_entry_s991_r20,3,NORMAL,51,50,474,447,27,79,2,0.000114,95022,0.128488
2P,31,goal_entry_s991_r20,3,HARD,51,50,474,447,27,4280,4,0.005209,95022,0.128488
3P,0,opening_green,3,EASY,12,21,-5102,-5110,8,18,1,0.000010,19674,0.032783
3P,0,opening_green,3,NORMAL,12,21,-5102,-5110,8,1044,4,0.001405,19674,0.032783
3P,0,opening_green,3,HARD,12,21,-5102,-5110,8,4446,7,0.008809,19674,0.032783
3P,1,reachable_middle,3,EASY,31,30,604,324,280,68,1,0.000017,74324,0.203003
3P,1,reachable_middle,3,NORMAL,21,29,604,294,310,1160,4,0.003221,74324,0.203003
3P,1,reachable_middle,3,HARD,15,14,604,502,102,7904,7,0.030915,74324,0.203003
3P,2,goal_congestion,3,EASY,50,67,1775,1775,0,2,1,0.000002,2184,0.002738
3P,2,goal_congestion,3,NORMAL,50,67,1775,1775,0,116,4,0.000144,2184,0.002738
3P,2,goal_congestion,3,HARD,50,52,1775,1669,106,494,7,0.000825,2184,0.002738
3P,3,long_jump,3,EASY,66,41,-2862,-3272,410,29,1,0.000008,31697,0.059269
3P,3,long_jump,3,NORMAL,66,41,-2862,-3272,410,1160,4,0.001873,31697,0.059269
3P,3,long_jump,3,HARD,66,41,-2862,-3272,410,7163,7,0.018397,31697,0.059269
3P,4,near_win,3,EASY,34,33,1000000,1000000,0,10,1,0.000004,9136,0.011874
3P,4,near_win,3,NORMAL,34,33,1000000,1000000,0,10,1,0.000006,9136,0.011874
3P,4,near_win,3,HARD,34,33,1000000,1000000,0,10,1,0.000005,9136,0.011874
3P,5,central_blocking,3,EASY,43,60,-877,-877,0,13,1,0.000005,14209,0.030896
3P,5,central_blocking,3,NORMAL,43,60,-877,-877,0,754,4,0.001349,14209,0.030896
3P,5,central_blocking,3,HARD,43,60,-877,-877,0,3211,7,0.009915,14209,0.030896
3P,6,defensive_threat,1,EASY,35,3,-742,-1000000,999258,23,1,0.000008,13709,0.028678
3P,6,defensive_threat,1,NORMAL,35,33,-742,-742,0,989,4,0.001520,13709,0.028678
3P,6,defensive_threat,1,HARD,35,33,-742,-742,0,3033,7,0.007618,13709,0.028678
3P,7,opening_red,1,EASY,60,51,-5102,-5110,8,18,1,0.000006,19674,0.033307
3P,7,opening_red,1,NORMAL,60,51,-5102,-5110,8,1044,4,0.001283,19674,0.033307
3P,7,opening_red,1,HARD,60,51,-5102,-5110,8,4446,7,0.009022,19674,0.033307
3P,8,early_middle_s19_r2,2,EASY,8,45,-3545,-3551,6,41,1,0.000009,44813,0.131422
3P,8,early_middle_s19_r2,2,NORMAL,8,43,-3545,-4244,699,1160,4,0.002514,44813,0.131422
3P,8,early_middle_s19_r2,2,HARD,9,19,-3545,-3545,0,7904,7,0.031060,44813,0.131422
3P,9,early_middle_s19_r4,2,EASY,26,46,-2469,-2666,197,71,1,0.000020,77603,0.267982
3P,9,early_middle_s19_r4,2,NORMAL,26,46,-2469,-2666,197,1160,4,0.004035,77603,0.267982
3P,9,early_middle_s19_r4,2,HARD,45,54,-2469,-2469,0,7904,7,0.038513,77603,0.267982
3P,10,central_race_s19_r6,2,EASY,7,32,-1010,-1010,0,73,1,0.000017,79789,0.259694
3P,10,central_race_s19_r6,2,NORMAL,7,28,-1010,-1242,232,1160,4,0.003394,79789,0.259694
3P,10,central_race_s19_r6,2,HARD,7,32,-1010,-1010,0,7904,7,0.035031,79789,0.259694
3P,11,central_race_s19_r8,2,EASY,25,47,-94,-94,0,80,1,0.000018,87440,0.254155
3P,11,central_race_s19_r8,2,NORMAL,29,64,-94,-889,795,1160,4,0.003135,87440,0.254155
3P,11,central_race_s19_r8,2,HARD,29,64,-94,-889,795,7904,7,0.033597,87440,0.254155
3P,12,central_race_s19_r10,2,EASY,29,64,658,658,0,62,1,0.000014,67766,0.190757
3P,12,central_race_s19_r10,2,NORMAL,17,26,658,458,200,1160,4,0.003050,67766,0.190757
3P,12,central_race_s19_r10,2,HARD,35,42,658,62,596,7904,7,0.032416,67766,0.190757
3P,13,goal_entry_s19_r12,2,EASY,19,28,901,899,2,67,1,0.000013,73231,0.190339
3P,13,goal_entry_s19_r12,2,NORMAL,17,26,901,603,298,1160,4,0.003018,73231,0.190339
3P,13,goal_entry_s19_r12,2,HARD,17,8,901,504,397,7904,7,0.030056,73231,0.190339
3P,14,goal_entry_s19_r16,2,EASY,34,36,2430,2045,385,42,1,0.000009,45906,0.085650
3P,14,goal_entry_s19_r16,2,NORMAL,17,25,2430,1901,529,1160,4,0.001998,45906,0.085650
3P,14,goal_entry_s19_r16,2,HARD,34,26,2430,1723,707,7904,7,0.020882,45906,0.085650
3P,15,goal_entry_s19_r20,2,EASY,44,53,2517,2430,87,45,1,0.000009,49149,0.075273
3P,15,goal_entry_s19_r20,2,NORMAL,39,56,2517,2374,143,1160,4,0.001586,49149,0.075273
3P,15,goal_entry_s19_r20,2,HARD,46,63,2517,2515,2,7904,7,0.015137,49149,0.075273
3P,16,early_middle_s71_r2,3,EASY,13,42,-3541,-3778,237,42,1,0.000013,45906,0.116151
3P,16,early_middle_s71_r2,3,NORMAL,13,42,-3541,-3778,237,1160,4,0.002540,45906,0.116151
3P,16,early_middle_s71_r2,3,HARD,12,21,-3541,-3541,0,7904,7,0.029291,45906,0.116151
3P,17,early_middle_s71_r4,3,EASY,42,59,-2388,-2730,342,60,1,0.000016,65580,0.213670
3P,17,early_middle_s71_r4,3,NORMAL,32,44,-2388,-2600,212,1160,4,0.003258,65580,0.213670
3P,17,early_middle_s71_r4,3,HARD,50,59,-2388,-2985,597,7904,7,0.035616,65580,0.213670
3P,18,central_race_s71_r6,3,EASY,32,26,-757,-757,0,64,1,0.000017,69952,0.243266
3P,18,central_race_s71_r6,3,NORMAL,32,26,-757,-757,0,1160,4,0.003751,69952,0.243266
3P,18,central_race_s71_r6,3,HARD,32,26,-757,-757,0,7904,7,0.040152,69952,0.243266
3P,19,central_race_s71_r8,3,EASY,12,60,719,168,551,101,1,0.000022,110393,0.410721
3P,19,central_race_s71_r8,3,NORMAL,12,41,719,226,493,1160,4,0.003638,110393,0.410721
3P,19,central_race_s71_r8,3,HARD,12,41,719,226,493,7904,7,0.038658,110393,0.410721
3P,20,central_race_s71_r10,3,EASY,26,33,1138,1038,100,62,1,0.000014,67766,0.244445
3P,20,central_race_s71_r10,3,NORMAL,26,33,1138,1038,100,1160,4,0.003666,67766,0.244445
3P,20,central_race_s71_r10,3,HARD,23,13,1138,1138,0,7904,7,0.039876,67766,0.244445
3P,21,goal_entry_s71_r12,3,EASY,37,67,1579,1190,389,77,1,0.000018,84161,0.239153
3P,21,goal_entry_s71_r12,3,NORMAL,50,49,1579,1380,199,1160,4,0.003557,84161,0.239153
3P,21,goal_entry_s71_r12,3,HARD,50,49,1579,1380,199,7904,7,0.034471,84161,0.239153
3P,22,goal_entry_s71_r16,3,EASY,31,43,2252,2139,113,58,1,0.000012,63394,0.135063
3P,22,goal_entry_s71_r16,3,NORMAL,31,43,2252,2139,113,1160,4,0.002386,63394,0.135063
3P,22,goal_entry_s71_r16,3,HARD,62,52,2252,2252,0,7904,7,0.024682,63394,0.135063
3P,23,goal_entry_s71_r20,3,EASY,62,61,2695,2695,0,40,1,0.000009,43720,0.069223
3P,23,goal_entry_s71_r20,3,NORMAL,38,37,2695,2610,85,1160,4,0.001759,43720,0.069223
3P,23,goal_entry_s71_r20,3,HARD,59,57,2695,2688,7,7904,7,0.017423,43720,0.069223
3P,24,early_middle_s991_r2,2,EASY,8,29,-3542,-3548,6,37,1,0.000013,40441,0.104858
3P,24,early_middle_s991_r2,2,NORMAL,25,29,-3542,-3542,0,1160,4,0.002388,40441,0.104858
3P,24,early_middle_s991_r2,2,HARD,25,29,-3542,-3542,0,7904,7,0.027040,40441,0.104858
3P,25,early_middle_s991_r4,2,EASY,16,54,-1824,-1887,63,60,1,0.000015,65580,0.202571
3P,25,early_middle_s991_r4,2,NORMAL,16,54,-1824,-1887,63,1160,4,0.002853,65580,0.202571
3P,25,early_middle_s991_r4,2,HARD,16,35,-1824,-2172,348,7904,7,0.032906,65580,0.202571
3P,26,central_race_s991_r6,2,EASY,26,46,-899,-969,70,62,1,0.000015,67766,0.211617
3P,26,central_race_s991_r6,2,NORMAL,33,37,-899,-968,69,1160,4,0.003572,67766,0.211617
3P,26,central_race_s991_r6,2,HARD,33,37,-899,-968,69,7904,7,0.035780,67766,0.211617
3P,27,central_race_s991_r8,2,EASY,29,64,205,205,0,61,1,0.000016,66673,0.191909
3P,27,central_race_s991_r8,2,NORMAL,19,23,205,-322,527,1160,4,0.003158,66673,0.191909
3P,27,central_race_s991_r8,2,HARD,19,21,205,202,3,7904,7,0.030587,66673,0.191909
3P,28,central_race_s991_r10,2,EASY,25,47,917,917,0,66,1,0.000013,72138,0.190313
3P,28,central_race_s991_r10,2,NORMAL,25,47,917,917,0,1160,4,0.002840,72138,0.190313
3P,28,central_race_s991_r10,2,HARD,25,47,917,917,0,7904,7,0.028768,72138,0.190313
3P,29,goal_entry_s991_r12,2,EASY,46,55,1542,672,870,56,1,0.000011,61208,0.144009
3P,29,goal_entry_s991_r12,2,NORMAL,6,7,1542,1052,490,1160,4,0.002541,61208,0.144009
3P,29,goal_entry_s991_r12,2,HARD,54,55,1542,1542,0,7904,7,0.026419,61208,0.144009
3P,30,goal_entry_s991_r16,2,EASY,30,65,2161,2074,87,64,1,0.000013,69952,0.151214
3P,30,goal_entry_s991_r16,2,NORMAL,30,65,2161,2074,87,1160,4,0.002397,69952,0.151214
3P,30,goal_entry_s991_r16,2,HARD,30,65,2161,2074,87,7904,7,0.024766,69952,0.151214
3P,31,goal_entry_s991_r20,2,EASY,18,27,3067,2704,363,43,1,0.000009,46999,0.073508
3P,31,goal_entry_s991_r20,2,NORMAL,37,45,3067,2705,362,1160,4,0.001866,46999,0.073508
3P,31,goal_entry_s991_r20,2,HARD,47,66,3067,3067,0,7904,7,0.017705,46999,0.073508
